file,line,type,commit,author,date,time,timezone,datetime,depth,length
style.css,1,css,e5e9c7c1,Jeremy,2025-01-17,09:44:47,-08:00,2025-01-17T09:44:47-08:00,0,5
style.css,2,css,deb2a119,Jeremy,2025-01-24,13:48:21,-08:00,2025-01-24T13:48:21-08:00,0,35
style.css,3,css,67a36f21,Jeremy,2025-01-24,09:44:29,-08:00,2025-01-24T09:44:29-08:00,0,24
style.css,4,css,e5e9c7c1,Jeremy,2025-01-17,09:44:47,-08:00,2025-01-17T09:44:47-08:00,0,0
style.css,5,css,726691a1,Jeremy,2025-01-10,15:01:21,-08:00,2025-01-10T15:01:21-08:00,0,5
style.css,6,css,726691a1,Jeremy,2025-01-10,15:01:21,-08:00,2025-01-10T15:01:21-08:00,0,44
style.css,7,css,726691a1,Jeremy,2025-01-10,15:01:21,-08:00,2025-01-10T15:01:21-08:00,0,43
style.css,8,css,726691a1,Jeremy,2025-01-10,15:01:21,-08:00,2025-01-10T15:01:21-08:00,0,1
style.css,9,css,726691a1,Jeremy,2025-01-10,15:01:21,-08:00,2025-01-10T15:01:21-08:00,0,24
style.css,10,css,77218fed,Jeremy,2025-01-17,08:56:31,-08:00,2025-01-17T08:56:31-08:00,0,16
style.css,11,css,77218fed,Jeremy,2025-01-17,08:56:31,-08:00,2025-01-17T08:56:31-08:00,0,19
style.css,12,css,77218fed,Jeremy,2025-01-17,08:56:31,-08:00,2025-01-17T08:56:31-08:00,0,13
style.css,13,css,427f2852,Jeremy,2025-01-17,09:21:09,-08:00,2025-01-17T09:21:09-08:00,0,0
style.css,14,css,427f2852,Jeremy,2025-01-17,09:21:09,-08:00,2025-01-17T09:21:09-08:00,0,4
style.css,15,css,bd9a7cae,Jeremy,2025-01-24,08:32:32,-08:00,2025-01-24T08:32:32-08:00,0,40
style.css,16,css,427f2852,Jeremy,2025-01-17,09:21:09,-08:00,2025-01-17T09:21:09-08:00,0,13
style.css,17,css,427f2852,Jeremy,2025-01-17,09:21:09,-08:00,2025-01-17T09:21:09-08:00,0,19
style.css,18,css,bd9a7cae,Jeremy,2025-01-24,08:32:32,-08:00,2025-01-24T08:32:32-08:00,0,24
style.css,19,css,bd9a7cae,Jeremy,2025-01-24,08:32:32,-08:00,2025-01-24T08:32:32-08:00,0,40
style.css,20,css,427f2852,Jeremy,2025-01-17,09:21:09,-08:00,2025-01-17T09:21:09-08:00,0,2
style.css,21,css,427f2852,Jeremy,2025-01-17,09:21:09,-08:00,2025-01-17T09:21:09-08:00,0,7
style.css,22,css,427f2852,Jeremy,2025-01-17,09:21:09,-08:00,2025-01-17T09:21:09-08:00,0,21
style.css,23,css,427f2852,Jeremy,2025-01-17,09:21:09,-08:00,2025-01-17T09:21:09-08:00,0,14
style.css,24,css,427f2852,Jeremy,2025-01-17,09:21:09,-08:00,2025-01-17T09:21:09-08:00,0,18
style.css,25,css,427f2852,Jeremy,2025-01-17,09:21:09,-08:00,2025-01-17T09:21:09-08:00,0,14
style.css,26,css,427f2852,Jeremy,2025-01-17,09:21:09,-08:00,2025-01-17T09:21:09-08:00,0,0
style.css,27,css,427f2852,Jeremy,2025-01-17,09:21:09,-08:00,2025-01-17T09:21:09-08:00,0,10
style.css,28,css,bd9a7cae,Jeremy,2025-01-24,08:32:32,-08:00,2025-01-24T08:32:32-08:00,0,26
style.css,29,css,bd9a7cae,Jeremy,2025-01-24,08:32:32,-08:00,2025-01-24T08:32:32-08:00,0,40
style.css,30,css,427f2852,Jeremy,2025-01-17,09:21:09,-08:00,2025-01-17T09:21:09-08:00,0,14
style.css,31,css,427f2852,Jeremy,2025-01-17,09:21:09,-08:00,2025-01-17T09:21:09-08:00,0,19
style.css,32,css,427f2852,Jeremy,2025-01-17,09:21:09,-08:00,2025-01-17T09:21:09-08:00,0,0
style.css,33,css,e5e9c7c1,Jeremy,2025-01-17,09:44:47,-08:00,2025-01-17T09:44:47-08:00,0,8
style.css,34,css,e5e9c7c1,Jeremy,2025-01-17,09:44:47,-08:00,2025-01-17T09:44:47-08:00,0,46
style.css,35,css,e5e9c7c1,Jeremy,2025-01-17,09:44:47,-08:00,2025-01-17T09:44:47-08:00,0,14
style.css,36,css,e5e9c7c1,Jeremy,2025-01-17,09:44:47,-08:00,2025-01-17T09:44:47-08:00,0,19
style.css,37,css,e723631b,Jeremy,2025-01-24,13:53:24,-08:00,2025-01-24T13:53:24-08:00,0,43
style.css,38,css,e5e9c7c1,Jeremy,2025-01-17,09:44:47,-08:00,2025-01-17T09:44:47-08:00,0,0
style.css,39,css,e5e9c7c1,Jeremy,2025-01-17,09:44:47,-08:00,2025-01-17T09:44:47-08:00,0,0
style.css,40,css,11ca026e,Jeremy,2025-01-24,09:17:24,-08:00,2025-01-24T09:17:24-08:00,0,32
style.css,41,css,3d79a728,Jeremy,2025-01-17,10:20:48,-08:00,2025-01-17T10:20:48-08:00,0,13
style.css,42,css,3d79a728,Jeremy,2025-01-17,10:20:48,-08:00,2025-01-17T10:20:48-08:00,0,13
style.css,43,css,3d79a728,Jeremy,2025-01-17,10:20:48,-08:00,2025-01-17T10:20:48-08:00,0,31
style.css,44,css,3d79a728,Jeremy,2025-01-17,10:20:48,-08:00,2025-01-17T10:20:48-08:00,0,8
style.css,45,css,3d79a728,Jeremy,2025-01-17,10:20:48,-08:00,2025-01-17T10:20:48-08:00,0,6
style.css,46,css,3d79a728,Jeremy,2025-01-17,10:20:48,-08:00,2025-01-17T10:20:48-08:00,0,13
style.css,47,css,3d79a728,Jeremy,2025-01-17,10:20:48,-08:00,2025-01-17T10:20:48-08:00,0,30
style.css,48,css,3d79a728,Jeremy,2025-01-17,10:20:48,-08:00,2025-01-17T10:20:48-08:00,0,19
style.css,49,css,3d79a728,Jeremy,2025-01-17,10:20:48,-08:00,2025-01-17T10:20:48-08:00,0,0
style.css,50,css,3d79a728,Jeremy,2025-01-17,10:20:48,-08:00,2025-01-17T10:20:48-08:00,0,0
style.css,51,css,f37130bb,Jeremy,2025-01-17,13:22:44,-08:00,2025-01-17T13:22:44-08:00,0,10
style.css,52,css,f37130bb,Jeremy,2025-01-17,13:22:44,-08:00,2025-01-17T13:22:44-08:00,0,13
style.css,53,css,f37130bb,Jeremy,2025-01-17,13:22:44,-08:00,2025-01-17T13:22:44-08:00,0,59
style.css,54,css,f37130bb,Jeremy,2025-01-17,13:22:44,-08:00,2025-01-17T13:22:44-08:00,0,8
style.css,55,css,078e4d4b,Jeremy,2025-01-17,13:36:01,-08:00,2025-01-17T13:36:01-08:00,0,0
style.css,56,css,078e4d4b,Jeremy,2025-01-17,13:36:01,-08:00,2025-01-17T13:36:01-08:00,0,8
style.css,57,css,078e4d4b,Jeremy,2025-01-17,13:36:01,-08:00,2025-01-17T13:36:01-08:00,0,13
style.css,58,css,078e4d4b,Jeremy,2025-01-17,13:36:01,-08:00,2025-01-17T13:36:01-08:00,0,27
style.css,59,css,078e4d4b,Jeremy,2025-01-17,13:36:01,-08:00,2025-01-17T13:36:01-08:00,0,16
style.css,60,css,078e4d4b,Jeremy,2025-01-17,13:36:01,-08:00,2025-01-17T13:36:01-08:00,0,0
style.css,61,css,078e4d4b,Jeremy,2025-01-17,13:36:01,-08:00,2025-01-17T13:36:01-08:00,0,3
style.css,62,css,078e4d4b,Jeremy,2025-01-17,13:36:01,-08:00,2025-01-17T13:36:01-08:00,0,9
style.css,63,css,f37130bb,Jeremy,2025-01-17,13:22:44,-08:00,2025-01-17T13:22:44-08:00,0,0
style.css,64,css,f37130bb,Jeremy,2025-01-17,13:22:44,-08:00,2025-01-17T13:22:44-08:00,0,3
style.css,65,css,f37130bb,Jeremy,2025-01-17,13:22:44,-08:00,2025-01-17T13:22:44-08:00,0,15
style.css,66,css,f37130bb,Jeremy,2025-01-17,13:22:44,-08:00,2025-01-17T13:22:44-08:00,0,0
style.css,67,css,f37130bb,Jeremy,2025-01-17,13:22:44,-08:00,2025-01-17T13:22:44-08:00,0,23
style.css,68,css,f37130bb,Jeremy,2025-01-17,13:22:44,-08:00,2025-01-17T13:22:44-08:00,0,16
style.css,69,css,f37130bb,Jeremy,2025-01-17,13:22:44,-08:00,2025-01-17T13:22:44-08:00,0,18
style.css,70,css,e3b806ee,Jeremy,2025-01-19,20:36:30,-08:00,2025-01-19T20:36:30-08:00,0,0
style.css,71,css,e3b806ee,Jeremy,2025-01-19,20:36:30,-08:00,2025-01-19T20:36:30-08:00,0,8
style.css,72,css,e3b806ee,Jeremy,2025-01-19,20:36:30,-08:00,2025-01-19T20:36:30-08:00,0,3
style.css,73,css,e3b806ee,Jeremy,2025-01-19,20:36:30,-08:00,2025-01-19T20:36:30-08:00,0,19
style.css,74,css,1e1ccbe2,Jeremy,2025-01-24,13:56:44,-08:00,2025-01-24T13:56:44-08:00,0,24
style.css,75,css,e3b806ee,Jeremy,2025-01-19,20:36:30,-08:00,2025-01-19T20:36:30-08:00,0,0
style.css,76,css,e3b806ee,Jeremy,2025-01-19,20:36:30,-08:00,2025-01-19T20:36:30-08:00,0,0
style.css,77,css,e3b806ee,Jeremy,2025-01-19,20:36:30,-08:00,2025-01-19T20:36:30-08:00,0,16
style.css,78,css,e3b806ee,Jeremy,2025-01-19,20:36:30,-08:00,2025-01-19T20:36:30-08:00,0,13
style.css,79,css,e3b806ee,Jeremy,2025-01-19,20:36:30,-08:00,2025-01-19T20:36:30-08:00,0,37
style.css,80,css,e3b806ee,Jeremy,2025-01-19,20:36:30,-08:00,2025-01-19T20:36:30-08:00,0,16
style.css,81,css,e3b806ee,Jeremy,2025-01-19,20:36:30,-08:00,2025-01-19T20:36:30-08:00,0,19
style.css,82,css,e3b806ee,Jeremy,2025-01-19,20:36:30,-08:00,2025-01-19T20:36:30-08:00,0,17
style.css,83,css,e3b806ee,Jeremy,2025-01-19,20:36:30,-08:00,2025-01-19T20:36:30-08:00,0,0
style.css,84,css,e3b806ee,Jeremy,2025-01-19,20:36:30,-08:00,2025-01-19T20:36:30-08:00,0,15
style.css,85,css,1e1ccbe2,Jeremy,2025-01-24,13:56:44,-08:00,2025-01-24T13:56:44-08:00,0,24
style.css,86,css,e3b806ee,Jeremy,2025-01-19,20:36:30,-08:00,2025-01-19T20:36:30-08:00,0,3
style.css,87,css,e3b806ee,Jeremy,2025-01-19,20:36:30,-08:00,2025-01-19T20:36:30-08:00,0,18
style.css,88,css,e3b806ee,Jeremy,2025-01-19,20:36:30,-08:00,2025-01-19T20:36:30-08:00,0,19
style.css,89,css,1e1ccbe2,Jeremy,2025-01-24,13:56:44,-08:00,2025-01-24T13:56:44-08:00,0,24
style.css,90,css,e3b806ee,Jeremy,2025-01-19,20:36:30,-08:00,2025-01-19T20:36:30-08:00,0,0
style.css,91,css,e3b806ee,Jeremy,2025-01-19,20:36:30,-08:00,2025-01-19T20:36:30-08:00,0,0
style.css,92,css,e3b806ee,Jeremy,2025-01-19,20:36:30,-08:00,2025-01-19T20:36:30-08:00,0,18
style.css,93,css,e3b806ee,Jeremy,2025-01-19,20:36:30,-08:00,2025-01-19T20:36:30-08:00,0,18
style.css,94,css,e3b806ee,Jeremy,2025-01-19,20:36:30,-08:00,2025-01-19T20:36:30-08:00,0,15
style.css,95,css,e3b806ee,Jeremy,2025-01-19,20:36:30,-08:00,2025-01-19T20:36:30-08:00,0,18
style.css,96,css,e3b806ee,Jeremy,2025-01-19,20:36:30,-08:00,2025-01-19T20:36:30-08:00,0,0
style.css,97,css,e3b806ee,Jeremy,2025-01-19,20:36:30,-08:00,2025-01-19T20:36:30-08:00,0,23
style.css,98,css,e3b806ee,Jeremy,2025-01-19,20:36:30,-08:00,2025-01-19T20:36:30-08:00,0,13
style.css,99,css,e3b806ee,Jeremy,2025-01-19,20:36:30,-08:00,2025-01-19T20:36:30-08:00,0,37
style.css,100,css,e3b806ee,Jeremy,2025-01-19,20:36:30,-08:00,2025-01-19T20:36:30-08:00,0,8
style.css,101,css,11ca026e,Jeremy,2025-01-24,09:17:24,-08:00,2025-01-24T09:17:24-08:00,0,0
style.css,102,css,11ca026e,Jeremy,2025-01-24,09:17:24,-08:00,2025-01-24T09:17:24-08:00,0,19
style.css,103,css,11ca026e,Jeremy,2025-01-24,09:17:24,-08:00,2025-01-24T09:17:24-08:00,0,18
style.css,104,css,11ca026e,Jeremy,2025-01-24,09:17:24,-08:00,2025-01-24T09:17:24-08:00,0,9
style.css,105,css,11ca026e,Jeremy,2025-01-24,09:17:24,-08:00,2025-01-24T09:17:24-08:00,0,11
style.css,106,css,a6bec8c8,Jeremy,2025-01-29,15:30:26,-08:00,2025-01-29T15:30:26-08:00,0,0
style.css,107,css,66ebc5f9,Jeremy,2025-01-31,10:13:59,-08:00,2025-01-31T10:13:59-08:00,0,21
style.css,108,css,43a3b8e0,Jeremy,2025-01-31,10:21:07,-08:00,2025-01-31T10:21:07-08:00,0,15
style.css,109,css,a0fc1bfb,Jeremy,2025-01-31,10:30:14,-08:00,2025-01-31T10:30:14-08:00,0,18
style.css,110,css,66ebc5f9,Jeremy,2025-01-31,10:13:59,-08:00,2025-01-31T10:13:59-08:00,0,0
style.css,111,css,a6bec8c8,Jeremy,2025-01-29,15:30:26,-08:00,2025-01-29T15:30:26-08:00,0,15
style.css,112,css,a6bec8c8,Jeremy,2025-01-29,15:30:26,-08:00,2025-01-29T15:30:26-08:00,0,3
style.css,113,css,a6bec8c8,Jeremy,2025-01-29,15:30:26,-08:00,2025-01-29T15:30:26-08:00,0,13
style.css,114,css,a6bec8c8,Jeremy,2025-01-29,15:30:26,-08:00,2025-01-29T15:30:26-08:00,0,38
style.css,115,css,5afd68da,Jeremy,2025-01-31,15:15:26,-08:00,2025-01-31T15:15:26-08:00,0,30
style.css,116,css,a6bec8c8,Jeremy,2025-01-29,15:30:26,-08:00,2025-01-29T15:30:26-08:00,0,3
style.css,117,css,a6bec8c8,Jeremy,2025-01-29,15:30:26,-08:00,2025-01-29T15:30:26-08:00,0,22
style.css,118,css,a6bec8c8,Jeremy,2025-01-29,15:30:26,-08:00,2025-01-29T15:30:26-08:00,0,38
style.css,119,css,a6bec8c8,Jeremy,2025-01-29,15:30:26,-08:00,2025-01-29T15:30:26-08:00,0,19
style.css,120,css,a6bec8c8,Jeremy,2025-01-29,15:30:26,-08:00,2025-01-29T15:30:26-08:00,0,0
style.css,121,css,a6bec8c8,Jeremy,2025-01-29,15:30:26,-08:00,2025-01-29T15:30:26-08:00,0,3
style.css,122,css,a6bec8c8,Jeremy,2025-01-29,15:30:26,-08:00,2025-01-29T15:30:26-08:00,0,23
style.css,123,css,a6bec8c8,Jeremy,2025-01-29,15:30:26,-08:00,2025-01-29T15:30:26-08:00,0,39
style.css,124,css,a6bec8c8,Jeremy,2025-01-29,15:30:26,-08:00,2025-01-29T15:30:26-08:00,0,20
style.css,125,css,a6bec8c8,Jeremy,2025-01-29,15:30:26,-08:00,2025-01-29T15:30:26-08:00,0,0
style.css,126,css,a6bec8c8,Jeremy,2025-01-29,15:30:26,-08:00,2025-01-29T15:30:26-08:00,0,0
style.css,127,css,3c958cd8,Jeremy,2025-02-07,11:42:44,-08:00,2025-02-07T11:42:44-08:00,0,0
style.css,128,css,17c07cda,Jeremy,2025-02-11,11:53:23,-08:00,2025-02-11T11:53:23-08:00,0,9
style.css,129,css,17c07cda,Jeremy,2025-02-11,11:53:23,-08:00,2025-02-11T11:53:23-08:00,0,13
style.css,130,css,17c07cda,Jeremy,2025-02-11,11:53:23,-08:00,2025-02-11T11:53:23-08:00,0,39
style.css,131,css,17c07cda,Jeremy,2025-02-11,11:53:23,-08:00,2025-02-11T11:53:23-08:00,0,30
style.css,132,css,17c07cda,Jeremy,2025-02-11,11:53:23,-08:00,2025-02-11T11:53:23-08:00,0,3
style.css,133,css,17c07cda,Jeremy,2025-02-11,11:53:23,-08:00,2025-02-11T11:53:23-08:00,0,22
style.css,134,css,17c07cda,Jeremy,2025-02-11,11:53:23,-08:00,2025-02-11T11:53:23-08:00,0,38
style.css,135,css,17c07cda,Jeremy,2025-02-11,11:53:23,-08:00,2025-02-11T11:53:23-08:00,0,19
style.css,136,css,17c07cda,Jeremy,2025-02-11,11:53:23,-08:00,2025-02-11T11:53:23-08:00,0,0
style.css,137,css,17c07cda,Jeremy,2025-02-11,11:53:23,-08:00,2025-02-11T11:53:23-08:00,0,3
style.css,138,css,17c07cda,Jeremy,2025-02-11,11:53:23,-08:00,2025-02-11T11:53:23-08:00,0,23
style.css,139,css,17c07cda,Jeremy,2025-02-11,11:53:23,-08:00,2025-02-11T11:53:23-08:00,0,39
style.css,140,css,17c07cda,Jeremy,2025-02-11,11:53:23,-08:00,2025-02-11T11:53:23-08:00,0,20
style.css,141,css,17c07cda,Jeremy,2025-02-11,11:53:23,-08:00,2025-02-11T11:53:23-08:00,0,0
style.css,142,css,17c07cda,Jeremy,2025-02-11,11:53:23,-08:00,2025-02-11T11:53:23-08:00,0,0
style.css,143,css,3c958cd8,Jeremy,2025-02-07,11:42:44,-08:00,2025-02-07T11:42:44-08:00,0,19
style.css,144,css,3c958cd8,Jeremy,2025-02-07,11:42:44,-08:00,2025-02-07T11:42:44-08:00,0,15
style.css,145,css,3c958cd8,Jeremy,2025-02-07,11:42:44,-08:00,2025-02-07T11:42:44-08:00,0,17
style.css,146,css,a6bec8c8,Jeremy,2025-01-29,15:30:26,-08:00,2025-01-29T15:30:26-08:00,0,0
style.css,147,css,3c958cd8,Jeremy,2025-02-07,11:42:44,-08:00,2025-02-07T11:42:44-08:00,0,17
style.css,148,css,d356c125,Jeremy,2025-02-07,20:56:10,-08:00,2025-02-07T20:56:10-08:00,0,0
style.css,149,css,d356c125,Jeremy,2025-02-07,20:56:10,-08:00,2025-02-07T20:56:10-08:00,0,18
style.css,150,css,d356c125,Jeremy,2025-02-07,20:56:10,-08:00,2025-02-07T20:56:10-08:00,0,17
style.css,151,css,d356c125,Jeremy,2025-02-07,20:56:10,-08:00,2025-02-07T20:56:10-08:00,0,12
style.css,152,css,d356c125,Jeremy,2025-02-07,20:56:10,-08:00,2025-02-07T20:56:10-08:00,0,0
style.css,153,css,d356c125,Jeremy,2025-02-07,20:56:10,-08:00,2025-02-07T20:56:10-08:00,0,0
style.css,154,css,d356c125,Jeremy,2025-02-07,20:56:10,-08:00,2025-02-07T20:56:10-08:00,0,5
style.css,155,css,d356c125,Jeremy,2025-02-07,20:56:10,-08:00,2025-02-07T20:56:10-08:00,0,17
style.css,156,css,de08c238,Jeremy,2025-02-12,15:06:47,-08:00,2025-02-12T15:06:47-08:00,0,15
style.css,157,css,d356c125,Jeremy,2025-02-07,20:56:10,-08:00,2025-02-07T20:56:10-08:00,0,0
style.css,158,css,38ed378f,Jeremy,2025-02-07,14:08:10,-08:00,2025-02-07T14:08:10-08:00,0,0
style.css,159,css,38ed378f,Jeremy,2025-02-07,14:08:10,-08:00,2025-02-07T14:08:10-08:00,0,11
style.css,160,css,38ed378f,Jeremy,2025-02-07,14:08:10,-08:00,2025-02-07T14:08:10-08:00,0,13
style.css,161,css,38ed378f,Jeremy,2025-02-07,14:08:10,-08:00,2025-02-07T14:08:10-08:00,0,8
style.css,162,css,38ed378f,Jeremy,2025-02-07,14:08:10,-08:00,2025-02-07T14:08:10-08:00,0,19
style.css,163,css,38ed378f,Jeremy,2025-02-07,14:08:10,-08:00,2025-02-07T14:08:10-08:00,0,0
style.css,164,css,38ed378f,Jeremy,2025-02-07,14:08:10,-08:00,2025-02-07T14:08:10-08:00,0,8
style.css,165,css,38ed378f,Jeremy,2025-02-07,14:08:10,-08:00,2025-02-07T14:08:10-08:00,0,13
style.css,166,css,38ed378f,Jeremy,2025-02-07,14:08:10,-08:00,2025-02-07T14:08:10-08:00,0,58
style.css,167,css,38ed378f,Jeremy,2025-02-07,14:08:10,-08:00,2025-02-07T14:08:10-08:00,0,10
style.css,168,css,38ed378f,Jeremy,2025-02-07,14:08:10,-08:00,2025-02-07T14:08:10-08:00,0,19
style.css,169,css,38ed378f,Jeremy,2025-02-07,14:08:10,-08:00,2025-02-07T14:08:10-08:00,0,14
style.css,170,css,38ed378f,Jeremy,2025-02-07,14:08:10,-08:00,2025-02-07T14:08:10-08:00,0,20
style.css,171,css,38ed378f,Jeremy,2025-02-07,14:08:10,-08:00,2025-02-07T14:08:10-08:00,0,7
style.css,172,css,38ed378f,Jeremy,2025-02-07,14:08:10,-08:00,2025-02-07T14:08:10-08:00,0,0
style.css,173,css,38ed378f,Jeremy,2025-02-07,14:08:10,-08:00,2025-02-07T14:08:10-08:00,0,8
style.css,174,css,38ed378f,Jeremy,2025-02-07,14:08:10,-08:00,2025-02-07T14:08:10-08:00,0,12
style.css,175,css,38ed378f,Jeremy,2025-02-07,14:08:10,-08:00,2025-02-07T14:08:10-08:00,0,11
style.css,176,css,38ed378f,Jeremy,2025-02-07,14:08:10,-08:00,2025-02-07T14:08:10-08:00,0,30
style.css,177,css,38ed378f,Jeremy,2025-02-07,14:08:10,-08:00,2025-02-07T14:08:10-08:00,0,18
style.css,178,css,38ed378f,Jeremy,2025-02-07,14:08:10,-08:00,2025-02-07T14:08:10-08:00,0,0
style.css,179,css,38ed378f,Jeremy,2025-02-07,14:08:10,-08:00,2025-02-07T14:08:10-08:00,0,13
style.css,180,css,38ed378f,Jeremy,2025-02-07,14:08:10,-08:00,2025-02-07T14:08:10-08:00,0,13
style.css,181,css,38ed378f,Jeremy,2025-02-07,14:08:10,-08:00,2025-02-07T14:08:10-08:00,0,19
style.css,182,css,38ed378f,Jeremy,2025-02-07,14:08:10,-08:00,2025-02-07T14:08:10-08:00,0,11
style.css,183,css,38ed378f,Jeremy,2025-02-07,14:08:10,-08:00,2025-02-07T14:08:10-08:00,0,0
style.css,184,css,d356c125,Jeremy,2025-02-07,20:56:10,-08:00,2025-02-07T20:56:10-08:00,0,11
style.css,185,css,d356c125,Jeremy,2025-02-07,20:56:10,-08:00,2025-02-07T20:56:10-08:00,0,18
style.css,186,css,d356c125,Jeremy,2025-02-07,20:56:10,-08:00,2025-02-07T20:56:10-08:00,0,14
style.css,187,css,d356c125,Jeremy,2025-02-07,20:56:10,-08:00,2025-02-07T20:56:10-08:00,0,11
style.css,188,css,d356c125,Jeremy,2025-02-07,20:56:10,-08:00,2025-02-07T20:56:10-08:00,0,0
style.css,189,css,d356c125,Jeremy,2025-02-07,20:56:10,-08:00,2025-02-07T20:56:10-08:00,0,10
style.css,190,css,d356c125,Jeremy,2025-02-07,20:56:10,-08:00,2025-02-07T20:56:10-08:00,0,38
style.css,191,css,d356c125,Jeremy,2025-02-07,20:56:10,-08:00,2025-02-07T20:56:10-08:00,0,0
style.css,192,css,d356c125,Jeremy,2025-02-07,20:56:10,-08:00,2025-02-07T20:56:10-08:00,0,11
style.css,193,css,d356c125,Jeremy,2025-02-07,20:56:10,-08:00,2025-02-07T20:56:10-08:00,0,18
style.css,194,css,d356c125,Jeremy,2025-02-07,20:56:10,-08:00,2025-02-07T20:56:10-08:00,0,0
style.css,195,css,ddfc8c45,Jeremy,2025-02-11,21:05:42,-08:00,2025-02-11T21:05:42-08:00,0,0
style.css,196,css,ddfc8c45,Jeremy,2025-02-11,21:05:42,-08:00,2025-02-11T21:05:42-08:00,0,11
style.css,197,css,ddfc8c45,Jeremy,2025-02-11,21:05:42,-08:00,2025-02-11T21:05:42-08:00,0,13
style.css,198,css,3f29569e,Jeremy,2025-02-12,13:18:18,-08:00,2025-02-12T13:18:18-08:00,0,0
style.css,199,css,3f29569e,Jeremy,2025-02-12,13:18:18,-08:00,2025-02-12T13:18:18-08:00,0,8
style.css,200,css,3f29569e,Jeremy,2025-02-12,13:18:18,-08:00,2025-02-12T13:18:18-08:00,0,13
style.css,201,css,de08c238,Jeremy,2025-02-12,15:06:47,-08:00,2025-02-12T15:06:47-08:00,0,45
style.css,202,css,de08c238,Jeremy,2025-02-12,15:06:47,-08:00,2025-02-12T15:06:47-08:00,0,19
style.css,203,css,de08c238,Jeremy,2025-02-12,15:06:47,-08:00,2025-02-12T15:06:47-08:00,0,9
style.css,204,css,de08c238,Jeremy,2025-02-12,15:06:47,-08:00,2025-02-12T15:06:47-08:00,0,14
style.css,205,css,de08c238,Jeremy,2025-02-12,15:06:47,-08:00,2025-02-12T15:06:47-08:00,0,3
style.css,206,css,de08c238,Jeremy,2025-02-12,15:06:47,-08:00,2025-02-12T15:06:47-08:00,0,13
style.css,207,css,de08c238,Jeremy,2025-02-12,15:06:47,-08:00,2025-02-12T15:06:47-08:00,0,14
style.css,208,css,de08c238,Jeremy,2025-02-12,15:06:47,-08:00,2025-02-12T15:06:47-08:00,0,0
style.css,209,css,de08c238,Jeremy,2025-02-12,15:06:47,-08:00,2025-02-12T15:06:47-08:00,0,26
style.css,210,css,de08c238,Jeremy,2025-02-12,15:06:47,-08:00,2025-02-12T15:06:47-08:00,0,40
style.css,211,css,de08c238,Jeremy,2025-02-12,15:06:47,-08:00,2025-02-12T15:06:47-08:00,0,0
style.css,212,css,de08c238,Jeremy,2025-02-12,15:06:47,-08:00,2025-02-12T15:06:47-08:00,0,43
style.css,213,css,de08c238,Jeremy,2025-02-12,15:06:47,-08:00,2025-02-12T15:06:47-08:00,0,10
style.css,214,css,de08c238,Jeremy,2025-02-12,15:06:47,-08:00,2025-02-12T15:06:47-08:00,0,18
style.css,215,css,3f29569e,Jeremy,2025-02-12,13:18:18,-08:00,2025-02-12T13:18:18-08:00,0,0
style.css,216,css,3f29569e,Jeremy,2025-02-12,13:18:18,-08:00,2025-02-12T13:18:18-08:00,0,9
style.css,217,css,3f29569e,Jeremy,2025-02-12,13:18:18,-08:00,2025-02-12T13:18:18-08:00,0,15
style.css,218,css,3f29569e,Jeremy,2025-02-12,13:18:18,-08:00,2025-02-12T13:18:18-08:00,0,8
style.css,219,css,3f29569e,Jeremy,2025-02-12,13:18:18,-08:00,2025-02-12T13:18:18-08:00,0,9
style.css,220,css,de08c238,Jeremy,2025-02-12,15:06:47,-08:00,2025-02-12T15:06:47-08:00,0,49
style.css,221,css,de08c238,Jeremy,2025-02-12,15:06:47,-08:00,2025-02-12T15:06:47-08:00,0,18
style.css,222,css,de08c238,Jeremy,2025-02-12,15:06:47,-08:00,2025-02-12T15:06:47-08:00,0,27
style.css,223,css,de08c238,Jeremy,2025-02-12,15:06:47,-08:00,2025-02-12T15:06:47-08:00,0,14
style.css,224,css,de08c238,Jeremy,2025-02-12,15:06:47,-08:00,2025-02-12T15:06:47-08:00,0,18
style.css,225,css,de08c238,Jeremy,2025-02-12,15:06:47,-08:00,2025-02-12T15:06:47-08:00,0,19
style.css,226,css,3f29569e,Jeremy,2025-02-12,13:18:18,-08:00,2025-02-12T13:18:18-08:00,0,0
style.css,227,css,3f29569e,Jeremy,2025-02-12,13:18:18,-08:00,2025-02-12T13:18:18-08:00,0,7
style.css,228,css,3f29569e,Jeremy,2025-02-12,13:18:18,-08:00,2025-02-12T13:18:18-08:00,0,17
style.css,229,css,3f29569e,Jeremy,2025-02-12,13:18:18,-08:00,2025-02-12T13:18:18-08:00,0,24
style.css,230,css,3f29569e,Jeremy,2025-02-12,13:18:18,-08:00,2025-02-12T13:18:18-08:00,0,23
style.css,231,css,897cfccf,Jeremy,2025-02-12,15:14:41,-08:00,2025-02-12T15:14:41-08:00,0,15
style.css,232,css,3f29569e,Jeremy,2025-02-12,13:18:18,-08:00,2025-02-12T13:18:18-08:00,0,0
style.css,233,css,3f29569e,Jeremy,2025-02-12,13:18:18,-08:00,2025-02-12T13:18:18-08:00,0,13
style.css,234,css,3f29569e,Jeremy,2025-02-12,13:18:18,-08:00,2025-02-12T13:18:18-08:00,0,21
style.css,235,css,d356c125,Jeremy,2025-02-07,20:56:10,-08:00,2025-02-07T20:56:10-08:00,0,0
index.js,1,js,62412db9,Jeremy,2025-01-29,16:11:48,-08:00,2025-01-29T16:11:48-08:00,0,72
index.js,2,js,a6bec8c8,Jeremy,2025-01-29,15:30:26,-08:00,2025-01-29T15:30:26-08:00,0,0
index.js,3,js,95841430,Jeremy,2025-01-29,16:10:49,-08:00,2025-01-29T16:10:49-08:00,0,53
index.js,4,js,a6bec8c8,Jeremy,2025-01-29,15:30:26,-08:00,2025-01-29T15:30:26-08:00,0,43
index.js,5,js,a6bec8c8,Jeremy,2025-01-29,15:30:26,-08:00,2025-01-29T15:30:26-08:00,0,61
index.js,6,js,a6bec8c8,Jeremy,2025-01-29,15:30:26,-08:00,2025-01-29T15:30:26-08:00,0,55
index.js,7,js,a6bec8c8,Jeremy,2025-01-29,15:30:26,-08:00,2025-01-29T15:30:26-08:00,0,0
index.js,8,js,a6bec8c8,Jeremy,2025-01-29,15:30:26,-08:00,2025-01-29T15:30:26-08:00,0,53
index.js,9,js,a6bec8c8,Jeremy,2025-01-29,15:30:26,-08:00,2025-01-29T15:30:26-08:00,0,61
index.js,10,js,a6bec8c8,Jeremy,2025-01-29,15:30:26,-08:00,2025-01-29T15:30:26-08:00,0,18
index.js,11,js,a6bec8c8,Jeremy,2025-01-29,15:30:26,-08:00,2025-01-29T15:30:26-08:00,0,25
index.js,12,js,a6bec8c8,Jeremy,2025-01-29,15:30:26,-08:00,2025-01-29T15:30:26-08:00,0,3
index.js,13,js,a6bec8c8,Jeremy,2025-01-29,15:30:26,-08:00,2025-01-29T15:30:26-08:00,0,56
index.js,14,js,a6bec8c8,Jeremy,2025-01-29,15:30:26,-08:00,2025-01-29T15:30:26-08:00,0,56
index.js,15,js,a6bec8c8,Jeremy,2025-01-29,15:30:26,-08:00,2025-01-29T15:30:26-08:00,0,50
index.js,16,js,a6bec8c8,Jeremy,2025-01-29,15:30:26,-08:00,2025-01-29T15:30:26-08:00,0,50
index.js,17,js,a6bec8c8,Jeremy,2025-01-29,15:30:26,-08:00,2025-01-29T15:30:26-08:00,0,4
index.js,18,js,a6bec8c8,Jeremy,2025-01-29,15:30:26,-08:00,2025-01-29T15:30:26-08:00,0,1
index.js,19,js,a6bec8c8,Jeremy,2025-01-29,15:30:26,-08:00,2025-01-29T15:30:26-08:00,0,0
index.html,1,html,02f65d4d,Jeremy,2025-01-10,14:44:47,-08:00,2025-01-10T14:44:47-08:00,0,14
index.html,2,html,88093b0c,Jeremy,2025-01-24,08:08:02,-08:00,2025-01-24T08:08:02-08:00,0,28
index.html,3,html,02f65d4d,Jeremy,2025-01-10,14:44:47,-08:00,2025-01-10T14:44:47-08:00,0,5
index.html,4,html,02f65d4d,Jeremy,2025-01-10,14:44:47,-08:00,2025-01-10T14:44:47-08:00,0,21
index.html,5,html,02f65d4d,Jeremy,2025-01-10,14:44:47,-08:00,2025-01-10T14:44:47-08:00,0,69
index.html,6,html,02f65d4d,Jeremy,2025-01-10,14:44:47,-08:00,2025-01-10T14:44:47-08:00,0,54
index.html,7,html,726691a1,Jeremy,2025-01-10,15:01:21,-08:00,2025-01-10T15:01:21-08:00,0,41
index.html,8,html,48013c77,Jeremy,2025-01-29,16:09:03,-08:00,2025-01-29T16:09:03-08:00,0,46
index.html,9,html,48013c77,Jeremy,2025-01-29,16:09:03,-08:00,2025-01-29T16:09:03-08:00,0,45
index.html,10,html,02f65d4d,Jeremy,2025-01-10,14:44:47,-08:00,2025-01-10T14:44:47-08:00,0,6
index.html,11,html,02f65d4d,Jeremy,2025-01-10,14:44:47,-08:00,2025-01-10T14:44:47-08:00,0,5
index.html,12,html,427f2852,Jeremy,2025-01-17,09:21:09,-08:00,2025-01-17T09:21:09-08:00,0,19
index.html,13,html,427f2852,Jeremy,2025-01-17,09:21:09,-08:00,2025-01-17T09:21:09-08:00,0,2
index.html,14,html,d356c125,Jeremy,2025-02-07,20:56:10,-08:00,2025-02-07T20:56:10-08:00,0,48
index.html,15,html,427f2852,Jeremy,2025-01-17,09:21:09,-08:00,2025-01-17T09:21:09-08:00,0,3
index.html,16,html,427f2852,Jeremy,2025-01-17,09:21:09,-08:00,2025-01-17T09:21:09-08:00,0,85
index.html,17,html,66ebc5f9,Jeremy,2025-01-31,10:13:59,-08:00,2025-01-31T10:13:59-08:00,0,48
index.html,18,html,a6bec8c8,Jeremy,2025-01-29,15:30:26,-08:00,2025-01-29T15:30:26-08:00,0,21
index.html,19,html,a6bec8c8,Jeremy,2025-01-29,15:30:26,-08:00,2025-01-29T15:30:26-08:00,0,33
index.html,20,html,a6bec8c8,Jeremy,2025-01-29,15:30:26,-08:00,2025-01-29T15:30:26-08:00,0,5
index.html,21,html,a6bec8c8,Jeremy,2025-01-29,15:30:26,-08:00,2025-01-29T15:30:26-08:00,0,23
index.html,22,html,a6bec8c8,Jeremy,2025-01-29,15:30:26,-08:00,2025-01-29T15:30:26-08:00,0,23
index.html,23,html,a6bec8c8,Jeremy,2025-01-29,15:30:26,-08:00,2025-01-29T15:30:26-08:00,0,33
index.html,24,html,a6bec8c8,Jeremy,2025-01-29,15:30:26,-08:00,2025-01-29T15:30:26-08:00,0,5
index.html,25,html,02f65d4d,Jeremy,2025-01-10,14:44:47,-08:00,2025-01-10T14:44:47-08:00,0,6
index.html,26,html,02f65d4d,Jeremy,2025-01-10,14:44:47,-08:00,2025-01-10T14:44:47-08:00,0,6
global.js,1,js,50d90f69,Jeremy,2025-01-23,21:18:11,-08:00,2025-01-23T21:18:11-08:00,0,26
global.js,2,js,50d90f69,Jeremy,2025-01-23,21:18:11,-08:00,2025-01-23T21:18:11-08:00,0,0
global.js,3,js,50d90f69,Jeremy,2025-01-23,21:18:11,-08:00,2025-01-23T21:18:11-08:00,0,42
global.js,4,js,50d90f69,Jeremy,2025-01-23,21:18:11,-08:00,2025-01-23T21:18:11-08:00,0,53
global.js,5,js,02fb041b,Jeremy,2025-01-23,21:33:27,-08:00,2025-01-23T21:33:27-08:00,0,0
global.js,6,js,02fb041b,Jeremy,2025-01-23,21:33:27,-08:00,2025-01-23T21:33:27-08:00,0,0
global.js,7,js,35e0c2d2,Jeremy,2025-01-24,07:53:37,-08:00,2025-01-24T07:53:37-08:00,0,29
global.js,8,js,35e0c2d2,Jeremy,2025-01-24,07:53:37,-08:00,2025-01-24T07:53:37-08:00,0,34
global.js,9,js,35e0c2d2,Jeremy,2025-01-24,07:53:37,-08:00,2025-01-24T07:53:37-08:00,0,71
global.js,10,js,35e0c2d2,Jeremy,2025-01-24,07:53:37,-08:00,2025-01-24T07:53:37-08:00,0,4
global.js,11,js,35e0c2d2,Jeremy,2025-01-24,07:53:37,-08:00,2025-01-24T07:53:37-08:00,0,40
global.js,12,js,35e0c2d2,Jeremy,2025-01-24,07:53:37,-08:00,2025-01-24T07:53:37-08:00,0,0
global.js,13,js,35e0c2d2,Jeremy,2025-01-24,07:53:37,-08:00,2025-01-24T07:53:37-08:00,0,12
global.js,14,js,8b0a829e,Jeremy,2025-01-24,08:03:23,-08:00,2025-01-24T08:03:23-08:00,0,24
global.js,15,js,8b0a829e,Jeremy,2025-01-24,08:03:23,-08:00,2025-01-24T08:03:23-08:00,0,37
global.js,16,js,8b0a829e,Jeremy,2025-01-24,08:03:23,-08:00,2025-01-24T08:03:23-08:00,0,35
global.js,17,js,35e0c2d2,Jeremy,2025-01-24,07:53:37,-08:00,2025-01-24T07:53:37-08:00,0,55
global.js,18,js,8b0a829e,Jeremy,2025-01-24,08:03:23,-08:00,2025-01-24T08:03:23-08:00,0,33
global.js,19,js,2b703413,Jeremy,2025-02-10,16:39:38,-08:00,2025-02-10T16:39:38-08:00,0,29
global.js,20,js,35e0c2d2,Jeremy,2025-01-24,07:53:37,-08:00,2025-01-24T07:53:37-08:00,0,1
global.js,21,js,35e0c2d2,Jeremy,2025-01-24,07:53:37,-08:00,2025-01-24T07:53:37-08:00,0,39
global.js,22,js,35e0c2d2,Jeremy,2025-01-24,07:53:37,-08:00,2025-01-24T07:53:37-08:00,0,26
global.js,23,js,35e0c2d2,Jeremy,2025-01-24,07:53:37,-08:00,2025-01-24T07:53:37-08:00,0,21
global.js,24,js,35e0c2d2,Jeremy,2025-01-24,07:53:37,-08:00,2025-01-24T07:53:37-08:00,0,15
global.js,25,js,35e0c2d2,Jeremy,2025-01-24,07:53:37,-08:00,2025-01-24T07:53:37-08:00,0,19
global.js,26,js,3d5fe003,Jeremy,2025-01-24,08:10:44,-08:00,2025-01-24T08:10:44-08:00,0,71
global.js,27,js,3d5fe003,Jeremy,2025-01-24,08:10:44,-08:00,2025-01-24T08:10:44-08:00,0,44
global.js,28,js,3d5fe003,Jeremy,2025-01-24,08:10:44,-08:00,2025-01-24T08:10:44-08:00,0,17
global.js,29,js,3d5fe003,Jeremy,2025-01-24,08:10:44,-08:00,2025-01-24T08:10:44-08:00,0,0
global.js,30,js,3d5fe003,Jeremy,2025-01-24,08:10:44,-08:00,2025-01-24T08:10:44-08:00,0,68
global.js,31,js,68121016,Jeremy,2025-01-24,08:18:35,-08:00,2025-01-24T08:18:35-08:00,0,35
global.js,32,js,68121016,Jeremy,2025-01-24,08:18:35,-08:00,2025-01-24T08:18:35-08:00,0,12
global.js,33,js,68121016,Jeremy,2025-01-24,08:18:35,-08:00,2025-01-24T08:18:35-08:00,0,20
global.js,34,js,6ede34ad,Jeremy,2025-01-24,08:22:44,-08:00,2025-01-24T08:22:44-08:00,0,66
global.js,35,js,6ede34ad,Jeremy,2025-01-24,08:22:44,-08:00,2025-01-24T08:22:44-08:00,0,26
global.js,36,js,6ede34ad,Jeremy,2025-01-24,08:22:44,-08:00,2025-01-24T08:22:44-08:00,0,0
global.js,37,js,6ede34ad,Jeremy,2025-01-24,08:22:44,-08:00,2025-01-24T08:22:44-08:00,0,21
global.js,38,js,6ede34ad,Jeremy,2025-01-24,08:22:44,-08:00,2025-01-24T08:22:44-08:00,0,12
global.js,39,js,6ede34ad,Jeremy,2025-01-24,08:22:44,-08:00,2025-01-24T08:22:44-08:00,0,62
global.js,40,js,6ede34ad,Jeremy,2025-01-24,08:22:44,-08:00,2025-01-24T08:22:44-08:00,0,4
global.js,41,js,6ede34ad,Jeremy,2025-01-24,08:22:44,-08:00,2025-01-24T08:22:44-08:00,0,30
global.js,42,js,6ede34ad,Jeremy,2025-01-24,08:22:44,-08:00,2025-01-24T08:22:44-08:00,0,19
global.js,43,js,6ede34ad,Jeremy,2025-01-24,08:22:44,-08:00,2025-01-24T08:22:44-08:00,0,0
global.js,44,js,fdf2ad85,Jeremy,2025-01-24,08:25:13,-08:00,2025-01-24T08:25:13-08:00,0,13
global.js,45,js,35e0c2d2,Jeremy,2025-01-24,07:53:37,-08:00,2025-01-24T07:53:37-08:00,0,0
global.js,46,js,bd9a7cae,Jeremy,2025-01-24,08:32:32,-08:00,2025-01-24T08:32:32-08:00,0,0
global.js,47,js,11ca026e,Jeremy,2025-01-24,09:17:24,-08:00,2025-01-24T09:17:24-08:00,0,32
global.js,48,js,11ca026e,Jeremy,2025-01-24,09:17:24,-08:00,2025-01-24T09:17:24-08:00,0,12
global.js,49,js,11ca026e,Jeremy,2025-01-24,09:17:24,-08:00,2025-01-24T09:17:24-08:00,0,0
global.js,50,js,11ca026e,Jeremy,2025-01-24,09:17:24,-08:00,2025-01-24T09:17:24-08:00,0,27
global.js,51,js,11ca026e,Jeremy,2025-01-24,09:17:24,-08:00,2025-01-24T09:17:24-08:00,0,5
global.js,52,js,11ca026e,Jeremy,2025-01-24,09:17:24,-08:00,2025-01-24T09:17:24-08:00,0,7
global.js,53,js,11ca026e,Jeremy,2025-01-24,09:17:24,-08:00,2025-01-24T09:17:24-08:00,0,44
global.js,54,js,11ca026e,Jeremy,2025-01-24,09:17:24,-08:00,2025-01-24T09:17:24-08:00,0,35
global.js,55,js,11ca026e,Jeremy,2025-01-24,09:17:24,-08:00,2025-01-24T09:17:24-08:00,0,33
global.js,56,js,11ca026e,Jeremy,2025-01-24,09:17:24,-08:00,2025-01-24T09:17:24-08:00,0,8
global.js,57,js,11ca026e,Jeremy,2025-01-24,09:17:24,-08:00,2025-01-24T09:17:24-08:00,0,7
global.js,58,js,11ca026e,Jeremy,2025-01-24,09:17:24,-08:00,2025-01-24T09:17:24-08:00,0,0
global.js,59,js,11ca026e,Jeremy,2025-01-24,09:17:24,-08:00,2025-01-24T09:17:24-08:00,0,1
global.js,60,js,67a36f21,Jeremy,2025-01-24,09:44:29,-08:00,2025-01-24T09:44:29-08:00,0,72
global.js,61,js,71f46949,Jeremy,2025-01-24,09:30:02,-08:00,2025-01-24T09:30:02-08:00,0,45
global.js,62,js,11ca026e,Jeremy,2025-01-24,09:17:24,-08:00,2025-01-24T09:17:24-08:00,0,37
global.js,63,js,11ca026e,Jeremy,2025-01-24,09:17:24,-08:00,2025-01-24T09:17:24-08:00,0,71
global.js,64,js,71f46949,Jeremy,2025-01-24,09:30:02,-08:00,2025-01-24T09:30:02-08:00,0,26
global.js,65,js,11ca026e,Jeremy,2025-01-24,09:17:24,-08:00,2025-01-24T09:17:24-08:00,0,0
global.js,66,js,11ca026e,Jeremy,2025-01-24,09:17:24,-08:00,2025-01-24T09:17:24-08:00,0,50
global.js,67,js,11ca026e,Jeremy,2025-01-24,09:17:24,-08:00,2025-01-24T09:17:24-08:00,0,58
global.js,68,js,11ca026e,Jeremy,2025-01-24,09:17:24,-08:00,2025-01-24T09:17:24-08:00,0,34
global.js,69,js,11ca026e,Jeremy,2025-01-24,09:17:24,-08:00,2025-01-24T09:17:24-08:00,0,45
global.js,70,js,11ca026e,Jeremy,2025-01-24,09:17:24,-08:00,2025-01-24T09:17:24-08:00,0,2
global.js,71,js,11ca026e,Jeremy,2025-01-24,09:17:24,-08:00,2025-01-24T09:17:24-08:00,0,35
global.js,72,js,11ca026e,Jeremy,2025-01-24,09:17:24,-08:00,2025-01-24T09:17:24-08:00,0,40
global.js,73,js,11ca026e,Jeremy,2025-01-24,09:17:24,-08:00,2025-01-24T09:17:24-08:00,0,0
global.js,74,js,6f97183f,Jeremy,2025-01-24,10:28:14,-08:00,2025-01-24T10:28:14-08:00,0,0
global.js,75,js,6f97183f,Jeremy,2025-01-24,10:28:14,-08:00,2025-01-24T10:28:14-08:00,0,41
global.js,76,js,6f97183f,Jeremy,2025-01-24,10:28:14,-08:00,2025-01-24T10:28:14-08:00,0,50
global.js,77,js,6f97183f,Jeremy,2025-01-24,10:28:14,-08:00,2025-01-24T10:28:14-08:00,0,22
global.js,78,js,6f97183f,Jeremy,2025-01-24,10:28:14,-08:00,2025-01-24T10:28:14-08:00,0,31
global.js,79,js,6f97183f,Jeremy,2025-01-24,10:28:14,-08:00,2025-01-24T10:28:14-08:00,0,27
global.js,80,js,6f97183f,Jeremy,2025-01-24,10:28:14,-08:00,2025-01-24T10:28:14-08:00,0,32
global.js,81,js,6f97183f,Jeremy,2025-01-24,10:28:14,-08:00,2025-01-24T10:28:14-08:00,0,51
global.js,82,js,6f97183f,Jeremy,2025-01-24,10:28:14,-08:00,2025-01-24T10:28:14-08:00,0,0
global.js,83,js,6f97183f,Jeremy,2025-01-24,10:28:14,-08:00,2025-01-24T10:28:14-08:00,0,32
global.js,84,js,a6bec8c8,Jeremy,2025-01-29,15:30:26,-08:00,2025-01-29T15:30:26-08:00,0,2
global.js,85,js,a6bec8c8,Jeremy,2025-01-29,15:30:26,-08:00,2025-01-29T15:30:26-08:00,0,0
global.js,86,js,a6bec8c8,Jeremy,2025-01-29,15:30:26,-08:00,2025-01-29T15:30:26-08:00,0,37
global.js,87,js,a6bec8c8,Jeremy,2025-01-29,15:30:26,-08:00,2025-01-29T15:30:26-08:00,0,4
global.js,88,js,a6bec8c8,Jeremy,2025-01-29,15:30:26,-08:00,2025-01-29T15:30:26-08:00,0,33
global.js,89,js,a6bec8c8,Jeremy,2025-01-29,15:30:26,-08:00,2025-01-29T15:30:26-08:00,0,18
global.js,90,js,a6bec8c8,Jeremy,2025-01-29,15:30:26,-08:00,2025-01-29T15:30:26-08:00,0,67
global.js,91,js,a6bec8c8,Jeremy,2025-01-29,15:30:26,-08:00,2025-01-29T15:30:26-08:00,0,0
global.js,92,js,a6bec8c8,Jeremy,2025-01-29,15:30:26,-08:00,2025-01-29T15:30:26-08:00,0,34
global.js,93,js,a6bec8c8,Jeremy,2025-01-29,15:30:26,-08:00,2025-01-29T15:30:26-08:00,0,11
global.js,94,js,a6bec8c8,Jeremy,2025-01-29,15:30:26,-08:00,2025-01-29T15:30:26-08:00,0,16
global.js,95,js,a6bec8c8,Jeremy,2025-01-29,15:30:26,-08:00,2025-01-29T15:30:26-08:00,0,60
global.js,96,js,a6bec8c8,Jeremy,2025-01-29,15:30:26,-08:00,2025-01-29T15:30:26-08:00,0,0
global.js,97,js,a6bec8c8,Jeremy,2025-01-29,15:30:26,-08:00,2025-01-29T15:30:26-08:00,0,0
global.js,98,js,a6bec8c8,Jeremy,2025-01-29,15:30:26,-08:00,2025-01-29T15:30:26-08:00,0,0
global.js,99,js,a6bec8c8,Jeremy,2025-01-29,15:30:26,-08:00,2025-01-29T15:30:26-08:00,0,79
global.js,100,js,a6bec8c8,Jeremy,2025-01-29,15:30:26,-08:00,2025-01-29T15:30:26-08:00,0,31
global.js,101,js,a6bec8c8,Jeremy,2025-01-29,15:30:26,-08:00,2025-01-29T15:30:26-08:00,0,28
global.js,102,js,a6bec8c8,Jeremy,2025-01-29,15:30:26,-08:00,2025-01-29T15:30:26-08:00,0,49
global.js,103,js,a6bec8c8,Jeremy,2025-01-29,15:30:26,-08:00,2025-01-29T15:30:26-08:00,0,20
global.js,104,js,a6bec8c8,Jeremy,2025-01-29,15:30:26,-08:00,2025-01-29T15:30:26-08:00,0,47
global.js,105,js,a6bec8c8,Jeremy,2025-01-29,15:30:26,-08:00,2025-01-29T15:30:26-08:00,0,44
global.js,106,js,e3224c9c,Jeremy,2025-02-07,11:12:50,-08:00,2025-02-07T11:12:50-08:00,0,43
global.js,107,js,a6bec8c8,Jeremy,2025-01-29,15:30:26,-08:00,2025-01-29T15:30:26-08:00,0,1
global.js,108,js,a6bec8c8,Jeremy,2025-01-29,15:30:26,-08:00,2025-01-29T15:30:26-08:00,0,37
global.js,109,js,a6bec8c8,Jeremy,2025-01-29,15:30:26,-08:00,2025-01-29T15:30:26-08:00,0,0
global.js,110,js,a6bec8c8,Jeremy,2025-01-29,15:30:26,-08:00,2025-01-29T15:30:26-08:00,0,0
global.js,111,js,a6bec8c8,Jeremy,2025-01-29,15:30:26,-08:00,2025-01-29T15:30:26-08:00,0,0
global.js,112,js,a6bec8c8,Jeremy,2025-01-29,15:30:26,-08:00,2025-01-29T15:30:26-08:00,0,48
global.js,113,js,a6bec8c8,Jeremy,2025-01-29,15:30:26,-08:00,2025-01-29T15:30:26-08:00,0,60
global.js,114,js,a6bec8c8,Jeremy,2025-01-29,15:30:26,-08:00,2025-01-29T15:30:26-08:00,0,0
resume/index.html,1,html,98023293,Jeremy,2025-01-10,18:08:42,-08:00,2025-01-10T18:08:42-08:00,0,14
resume/index.html,2,html,98023293,Jeremy,2025-01-10,18:08:42,-08:00,2025-01-10T18:08:42-08:00,0,15
resume/index.html,3,html,98023293,Jeremy,2025-01-10,18:08:42,-08:00,2025-01-10T18:08:42-08:00,0,5
resume/index.html,4,html,98023293,Jeremy,2025-01-10,18:08:42,-08:00,2025-01-10T18:08:42-08:00,0,21
resume/index.html,5,html,98023293,Jeremy,2025-01-10,18:08:42,-08:00,2025-01-10T18:08:42-08:00,0,69
resume/index.html,6,html,98023293,Jeremy,2025-01-10,18:08:42,-08:00,2025-01-10T18:08:42-08:00,0,20
resume/index.html,7,html,b497b1d9,Jeremy,2025-01-17,09:52:15,-08:00,2025-01-17T09:52:15-08:00,0,44
resume/index.html,8,html,a6027258,Jeremy,2025-01-23,21:20:54,-08:00,2025-01-23T21:20:54-08:00,0,49
resume/index.html,9,html,98023293,Jeremy,2025-01-10,18:08:42,-08:00,2025-01-10T18:08:42-08:00,0,6
resume/index.html,10,html,98023293,Jeremy,2025-01-10,18:08:42,-08:00,2025-01-10T18:08:42-08:00,0,5
resume/index.html,11,html,e3b806ee,Jeremy,2025-01-19,20:36:30,-08:00,2025-01-19T20:36:30-08:00,0,21
resume/index.html,12,html,e3b806ee,Jeremy,2025-01-19,20:36:30,-08:00,2025-01-19T20:36:30-08:00,0,19
resume/index.html,13,html,e3b806ee,Jeremy,2025-01-19,20:36:30,-08:00,2025-01-19T20:36:30-08:00,0,21
resume/index.html,14,html,e3b806ee,Jeremy,2025-01-19,20:36:30,-08:00,2025-01-19T20:36:30-08:00,0,20
resume/index.html,15,html,e3b806ee,Jeremy,2025-01-19,20:36:30,-08:00,2025-01-19T20:36:30-08:00,0,25
resume/index.html,16,html,e3b806ee,Jeremy,2025-01-19,20:36:30,-08:00,2025-01-19T20:36:30-08:00,0,42
resume/index.html,17,html,e3b806ee,Jeremy,2025-01-19,20:36:30,-08:00,2025-01-19T20:36:30-08:00,0,27
resume/index.html,18,html,e3b806ee,Jeremy,2025-01-19,20:36:30,-08:00,2025-01-19T20:36:30-08:00,0,9
resume/index.html,19,html,98023293,Jeremy,2025-01-10,18:08:42,-08:00,2025-01-10T18:08:42-08:00,0,9
resume/index.html,20,html,e3b806ee,Jeremy,2025-01-19,20:36:30,-08:00,2025-01-19T20:36:30-08:00,0,23
resume/index.html,21,html,98023293,Jeremy,2025-01-10,18:08:42,-08:00,2025-01-10T18:08:42-08:00,0,17
resume/index.html,22,html,98023293,Jeremy,2025-01-10,18:08:42,-08:00,2025-01-10T18:08:42-08:00,0,2
resume/index.html,23,html,98023293,Jeremy,2025-01-10,18:08:42,-08:00,2025-01-10T18:08:42-08:00,0,174
resume/index.html,24,html,98023293,Jeremy,2025-01-10,18:08:42,-08:00,2025-01-10T18:08:42-08:00,0,111
resume/index.html,25,html,98023293,Jeremy,2025-01-10,18:08:42,-08:00,2025-01-10T18:08:42-08:00,0,23
resume/index.html,26,html,98023293,Jeremy,2025-01-10,18:08:42,-08:00,2025-01-10T18:08:42-08:00,0,3
resume/index.html,27,html,98023293,Jeremy,2025-01-10,18:08:42,-08:00,2025-01-10T18:08:42-08:00,0,9
resume/index.html,28,html,e3b806ee,Jeremy,2025-01-19,20:36:30,-08:00,2025-01-19T20:36:30-08:00,0,28
resume/index.html,29,html,e3b806ee,Jeremy,2025-01-19,20:36:30,-08:00,2025-01-19T20:36:30-08:00,0,23
resume/index.html,30,html,e3b806ee,Jeremy,2025-01-19,20:36:30,-08:00,2025-01-19T20:36:30-08:00,0,17
resume/index.html,31,html,e3b806ee,Jeremy,2025-01-19,20:36:30,-08:00,2025-01-19T20:36:30-08:00,0,8
resume/index.html,32,html,e3b806ee,Jeremy,2025-01-19,20:36:30,-08:00,2025-01-19T20:36:30-08:00,0,43
resume/index.html,33,html,e3b806ee,Jeremy,2025-01-19,20:36:30,-08:00,2025-01-19T20:36:30-08:00,0,37
resume/index.html,34,html,e3b806ee,Jeremy,2025-01-19,20:36:30,-08:00,2025-01-19T20:36:30-08:00,0,52
resume/index.html,35,html,e3b806ee,Jeremy,2025-01-19,20:36:30,-08:00,2025-01-19T20:36:30-08:00,0,46
resume/index.html,36,html,e3b806ee,Jeremy,2025-01-19,20:36:30,-08:00,2025-01-19T20:36:30-08:00,0,16
resume/index.html,37,html,e3b806ee,Jeremy,2025-01-19,20:36:30,-08:00,2025-01-19T20:36:30-08:00,0,3
resume/index.html,38,html,e3b806ee,Jeremy,2025-01-19,20:36:30,-08:00,2025-01-19T20:36:30-08:00,0,35
resume/index.html,39,html,e3b806ee,Jeremy,2025-01-19,20:36:30,-08:00,2025-01-19T20:36:30-08:00,0,3
resume/index.html,40,html,e3b806ee,Jeremy,2025-01-19,20:36:30,-08:00,2025-01-19T20:36:30-08:00,0,32
resume/index.html,41,html,e3b806ee,Jeremy,2025-01-19,20:36:30,-08:00,2025-01-19T20:36:30-08:00,0,55
resume/index.html,42,html,e3b806ee,Jeremy,2025-01-19,20:36:30,-08:00,2025-01-19T20:36:30-08:00,0,47
resume/index.html,43,html,e3b806ee,Jeremy,2025-01-19,20:36:30,-08:00,2025-01-19T20:36:30-08:00,0,4
resume/index.html,44,html,e3b806ee,Jeremy,2025-01-19,20:36:30,-08:00,2025-01-19T20:36:30-08:00,0,9
resume/index.html,45,html,e3b806ee,Jeremy,2025-01-19,20:36:30,-08:00,2025-01-19T20:36:30-08:00,0,8
resume/index.html,46,html,e3b806ee,Jeremy,2025-01-19,20:36:30,-08:00,2025-01-19T20:36:30-08:00,0,36
resume/index.html,47,html,e3b806ee,Jeremy,2025-01-19,20:36:30,-08:00,2025-01-19T20:36:30-08:00,0,35
resume/index.html,48,html,e3b806ee,Jeremy,2025-01-19,20:36:30,-08:00,2025-01-19T20:36:30-08:00,0,52
resume/index.html,49,html,e3b806ee,Jeremy,2025-01-19,20:36:30,-08:00,2025-01-19T20:36:30-08:00,0,27
resume/index.html,50,html,e3b806ee,Jeremy,2025-01-19,20:36:30,-08:00,2025-01-19T20:36:30-08:00,0,3
resume/index.html,51,html,e3b806ee,Jeremy,2025-01-19,20:36:30,-08:00,2025-01-19T20:36:30-08:00,0,9
resume/index.html,52,html,e3b806ee,Jeremy,2025-01-19,20:36:30,-08:00,2025-01-19T20:36:30-08:00,0,9
resume/index.html,53,html,e3b806ee,Jeremy,2025-01-19,20:36:30,-08:00,2025-01-19T20:36:30-08:00,0,24
resume/index.html,54,html,e3b806ee,Jeremy,2025-01-19,20:36:30,-08:00,2025-01-19T20:36:30-08:00,0,23
resume/index.html,55,html,e3b806ee,Jeremy,2025-01-19,20:36:30,-08:00,2025-01-19T20:36:30-08:00,0,8
resume/index.html,56,html,e3b806ee,Jeremy,2025-01-19,20:36:30,-08:00,2025-01-19T20:36:30-08:00,0,79
resume/index.html,57,html,e3b806ee,Jeremy,2025-01-19,20:36:30,-08:00,2025-01-19T20:36:30-08:00,0,118
resume/index.html,58,html,e3b806ee,Jeremy,2025-01-19,20:36:30,-08:00,2025-01-19T20:36:30-08:00,0,3
resume/index.html,59,html,e3b806ee,Jeremy,2025-01-19,20:36:30,-08:00,2025-01-19T20:36:30-08:00,0,3
resume/index.html,60,html,e3b806ee,Jeremy,2025-01-19,20:36:30,-08:00,2025-01-19T20:36:30-08:00,0,53
resume/index.html,61,html,e3b806ee,Jeremy,2025-01-19,20:36:30,-08:00,2025-01-19T20:36:30-08:00,0,59
resume/index.html,62,html,e3b806ee,Jeremy,2025-01-19,20:36:30,-08:00,2025-01-19T20:36:30-08:00,0,29
resume/index.html,63,html,e3b806ee,Jeremy,2025-01-19,20:36:30,-08:00,2025-01-19T20:36:30-08:00,0,4
resume/index.html,64,html,e3b806ee,Jeremy,2025-01-19,20:36:30,-08:00,2025-01-19T20:36:30-08:00,0,3
resume/index.html,65,html,e3b806ee,Jeremy,2025-01-19,20:36:30,-08:00,2025-01-19T20:36:30-08:00,0,57
resume/index.html,66,html,e3b806ee,Jeremy,2025-01-19,20:36:30,-08:00,2025-01-19T20:36:30-08:00,0,21
resume/index.html,67,html,e3b806ee,Jeremy,2025-01-19,20:36:30,-08:00,2025-01-19T20:36:30-08:00,0,4
resume/index.html,68,html,e3b806ee,Jeremy,2025-01-19,20:36:30,-08:00,2025-01-19T20:36:30-08:00,0,3
resume/index.html,69,html,e3b806ee,Jeremy,2025-01-19,20:36:30,-08:00,2025-01-19T20:36:30-08:00,0,53
resume/index.html,70,html,e3b806ee,Jeremy,2025-01-19,20:36:30,-08:00,2025-01-19T20:36:30-08:00,0,58
resume/index.html,71,html,e3b806ee,Jeremy,2025-01-19,20:36:30,-08:00,2025-01-19T20:36:30-08:00,0,51
resume/index.html,72,html,e3b806ee,Jeremy,2025-01-19,20:36:30,-08:00,2025-01-19T20:36:30-08:00,0,4
resume/index.html,73,html,e3b806ee,Jeremy,2025-01-19,20:36:30,-08:00,2025-01-19T20:36:30-08:00,0,4
resume/index.html,74,html,e3b806ee,Jeremy,2025-01-19,20:36:30,-08:00,2025-01-19T20:36:30-08:00,0,9
resume/index.html,75,html,e3b806ee,Jeremy,2025-01-19,20:36:30,-08:00,2025-01-19T20:36:30-08:00,0,9
resume/index.html,76,html,e3b806ee,Jeremy,2025-01-19,20:36:30,-08:00,2025-01-19T20:36:30-08:00,0,20
resume/index.html,77,html,e3b806ee,Jeremy,2025-01-19,20:36:30,-08:00,2025-01-19T20:36:30-08:00,0,14
resume/index.html,78,html,98023293,Jeremy,2025-01-10,18:08:42,-08:00,2025-01-10T18:08:42-08:00,0,3
resume/index.html,79,html,e3b806ee,Jeremy,2025-01-19,20:36:30,-08:00,2025-01-19T20:36:30-08:00,0,14
resume/index.html,80,html,e3b806ee,Jeremy,2025-01-19,20:36:30,-08:00,2025-01-19T20:36:30-08:00,0,11
resume/index.html,81,html,e3b806ee,Jeremy,2025-01-19,20:36:30,-08:00,2025-01-19T20:36:30-08:00,0,21
resume/index.html,82,html,e3b806ee,Jeremy,2025-01-19,20:36:30,-08:00,2025-01-19T20:36:30-08:00,0,26
resume/index.html,83,html,e3b806ee,Jeremy,2025-01-19,20:36:30,-08:00,2025-01-19T20:36:30-08:00,0,12
resume/index.html,84,html,e3b806ee,Jeremy,2025-01-19,20:36:30,-08:00,2025-01-19T20:36:30-08:00,0,24
resume/index.html,85,html,98023293,Jeremy,2025-01-10,18:08:42,-08:00,2025-01-10T18:08:42-08:00,0,4
resume/index.html,86,html,e3b806ee,Jeremy,2025-01-19,20:36:30,-08:00,2025-01-19T20:36:30-08:00,0,9
resume/index.html,87,html,98023293,Jeremy,2025-01-10,18:08:42,-08:00,2025-01-10T18:08:42-08:00,0,9
resume/index.html,88,html,98023293,Jeremy,2025-01-10,18:08:42,-08:00,2025-01-10T18:08:42-08:00,0,6
resume/index.html,89,html,98023293,Jeremy,2025-01-10,18:08:42,-08:00,2025-01-10T18:08:42-08:00,0,6
projects/projects.js,1,js,3c958cd8,Jeremy,2025-02-07,11:42:44,-08:00,2025-02-07T11:42:44-08:00,0,64
projects/projects.js,2,js,a6bec8c8,Jeremy,2025-01-29,15:30:26,-08:00,2025-01-29T15:30:26-08:00,0,56
projects/projects.js,3,js,a6bec8c8,Jeremy,2025-01-29,15:30:26,-08:00,2025-01-29T15:30:26-08:00,0,0
projects/projects.js,4,js,7d40f8a2,Jeremy,2025-02-07,21:53:48,-08:00,2025-02-07T21:53:48-08:00,0,56
projects/projects.js,5,js,a6bec8c8,Jeremy,2025-01-29,15:30:26,-08:00,2025-01-29T15:30:26-08:00,0,61
projects/projects.js,6,js,a6bec8c8,Jeremy,2025-01-29,15:30:26,-08:00,2025-01-29T15:30:26-08:00,0,0
projects/projects.js,7,js,a6bec8c8,Jeremy,2025-01-29,15:30:26,-08:00,2025-01-29T15:30:26-08:00,0,49
projects/projects.js,8,js,a6bec8c8,Jeremy,2025-01-29,15:30:26,-08:00,2025-01-29T15:30:26-08:00,0,0
projects/projects.js,9,js,a6bec8c8,Jeremy,2025-01-29,15:30:26,-08:00,2025-01-29T15:30:26-08:00,0,55
projects/projects.js,10,js,a6bec8c8,Jeremy,2025-01-29,15:30:26,-08:00,2025-01-29T15:30:26-08:00,0,35
projects/projects.js,11,js,3c958cd8,Jeremy,2025-02-07,11:42:44,-08:00,2025-02-07T11:42:44-08:00,0,60
projects/projects.js,12,js,3c958cd8,Jeremy,2025-02-07,11:42:44,-08:00,2025-02-07T11:42:44-08:00,0,0
projects/projects.js,13,js,d356c125,Jeremy,2025-02-07,20:56:10,-08:00,2025-02-07T20:56:10-08:00,0,58
projects/projects.js,14,js,d356c125,Jeremy,2025-02-07,20:56:10,-08:00,2025-02-07T20:56:10-08:00,0,0
projects/projects.js,15,js,d356c125,Jeremy,2025-02-07,20:56:10,-08:00,2025-02-07T20:56:10-08:00,0,48
projects/projects.js,16,js,d356c125,Jeremy,2025-02-07,20:56:10,-08:00,2025-02-07T20:56:10-08:00,0,0
projects/projects.js,17,js,d356c125,Jeremy,2025-02-07,20:56:10,-08:00,2025-02-07T20:56:10-08:00,0,22
projects/projects.js,18,js,d356c125,Jeremy,2025-02-07,20:56:10,-08:00,2025-02-07T20:56:10-08:00,0,0
projects/projects.js,19,js,d356c125,Jeremy,2025-02-07,20:56:10,-08:00,2025-02-07T20:56:10-08:00,0,39
projects/projects.js,20,js,27283237,Jeremy,2025-02-07,14:58:50,-08:00,2025-02-07T14:58:50-08:00,0,30
projects/projects.js,21,js,27283237,Jeremy,2025-02-07,14:58:50,-08:00,2025-02-07T14:58:50-08:00,0,13
projects/projects.js,22,js,27283237,Jeremy,2025-02-07,14:58:50,-08:00,2025-02-07T14:58:50-08:00,0,15
projects/projects.js,23,js,27283237,Jeremy,2025-02-07,14:58:50,-08:00,2025-02-07T14:58:50-08:00,0,13
projects/projects.js,24,js,3c958cd8,Jeremy,2025-02-07,11:42:44,-08:00,2025-02-07T11:42:44-08:00,0,1
projects/projects.js,25,js,27283237,Jeremy,2025-02-07,14:58:50,-08:00,2025-02-07T14:58:50-08:00,0,0
projects/projects.js,26,js,27283237,Jeremy,2025-02-07,14:58:50,-08:00,2025-02-07T14:58:50-08:00,0,51
projects/projects.js,27,js,27283237,Jeremy,2025-02-07,14:58:50,-08:00,2025-02-07T14:58:50-08:00,0,36
projects/projects.js,28,js,27283237,Jeremy,2025-02-07,14:58:50,-08:00,2025-02-07T14:58:50-08:00,0,2
projects/projects.js,29,js,27283237,Jeremy,2025-02-07,14:58:50,-08:00,2025-02-07T14:58:50-08:00,0,0
projects/projects.js,30,js,27283237,Jeremy,2025-02-07,14:58:50,-08:00,2025-02-07T14:58:50-08:00,0,54
projects/projects.js,31,js,27283237,Jeremy,2025-02-07,14:58:50,-08:00,2025-02-07T14:58:50-08:00,0,43
projects/projects.js,32,js,27283237,Jeremy,2025-02-07,14:58:50,-08:00,2025-02-07T14:58:50-08:00,0,52
projects/projects.js,33,js,27283237,Jeremy,2025-02-07,14:58:50,-08:00,2025-02-07T14:58:50-08:00,0,0
projects/projects.js,34,js,27283237,Jeremy,2025-02-07,14:58:50,-08:00,2025-02-07T14:58:50-08:00,0,29
projects/projects.js,35,js,27283237,Jeremy,2025-02-07,14:58:50,-08:00,2025-02-07T14:58:50-08:00,0,33
projects/projects.js,36,js,27283237,Jeremy,2025-02-07,14:58:50,-08:00,2025-02-07T14:58:50-08:00,0,36
projects/projects.js,37,js,27283237,Jeremy,2025-02-07,14:58:50,-08:00,2025-02-07T14:58:50-08:00,0,34
projects/projects.js,38,js,27283237,Jeremy,2025-02-07,14:58:50,-08:00,2025-02-07T14:58:50-08:00,0,0
projects/projects.js,39,js,27283237,Jeremy,2025-02-07,14:58:50,-08:00,2025-02-07T14:58:50-08:00,0,30
projects/projects.js,40,js,27283237,Jeremy,2025-02-07,14:58:50,-08:00,2025-02-07T14:58:50-08:00,0,6
projects/projects.js,41,js,27283237,Jeremy,2025-02-07,14:58:50,-08:00,2025-02-07T14:58:50-08:00,0,14
projects/projects.js,42,js,27283237,Jeremy,2025-02-07,14:58:50,-08:00,2025-02-07T14:58:50-08:00,0,14
projects/projects.js,43,js,27283237,Jeremy,2025-02-07,14:58:50,-08:00,2025-02-07T14:58:50-08:00,0,25
projects/projects.js,44,js,27283237,Jeremy,2025-02-07,14:58:50,-08:00,2025-02-07T14:58:50-08:00,0,1
projects/projects.js,45,js,d356c125,Jeremy,2025-02-07,20:56:10,-08:00,2025-02-07T20:56:10-08:00,0,2
projects/projects.js,46,js,27283237,Jeremy,2025-02-07,14:58:50,-08:00,2025-02-07T14:58:50-08:00,0,28
projects/projects.js,47,js,27283237,Jeremy,2025-02-07,14:58:50,-08:00,2025-02-07T14:58:50-08:00,0,9
projects/projects.js,48,js,27283237,Jeremy,2025-02-07,14:58:50,-08:00,2025-02-07T14:58:50-08:00,0,12
projects/projects.js,49,js,27283237,Jeremy,2025-02-07,14:58:50,-08:00,2025-02-07T14:58:50-08:00,0,39
projects/projects.js,50,js,27283237,Jeremy,2025-02-07,14:58:50,-08:00,2025-02-07T14:58:50-08:00,0,28
projects/projects.js,51,js,27283237,Jeremy,2025-02-07,14:58:50,-08:00,2025-02-07T14:58:50-08:00,0,69
projects/projects.js,52,js,27283237,Jeremy,2025-02-07,14:58:50,-08:00,2025-02-07T14:58:50-08:00,0,1
projects/projects.js,53,js,d356c125,Jeremy,2025-02-07,20:56:10,-08:00,2025-02-07T20:56:10-08:00,0,2
projects/projects.js,54,js,d356c125,Jeremy,2025-02-07,20:56:10,-08:00,2025-02-07T20:56:10-08:00,0,33
projects/projects.js,55,js,d356c125,Jeremy,2025-02-07,20:56:10,-08:00,2025-02-07T20:56:10-08:00,0,28
projects/projects.js,56,js,d356c125,Jeremy,2025-02-07,20:56:10,-08:00,2025-02-07T20:56:10-08:00,0,6
projects/projects.js,57,js,d356c125,Jeremy,2025-02-07,20:56:10,-08:00,2025-02-07T20:56:10-08:00,0,14
projects/projects.js,58,js,d356c125,Jeremy,2025-02-07,20:56:10,-08:00,2025-02-07T20:56:10-08:00,0,14
projects/projects.js,59,js,d356c125,Jeremy,2025-02-07,20:56:10,-08:00,2025-02-07T20:56:10-08:00,0,23
projects/projects.js,60,js,d356c125,Jeremy,2025-02-07,20:56:10,-08:00,2025-02-07T20:56:10-08:00,0,19
projects/projects.js,61,js,d356c125,Jeremy,2025-02-07,20:56:10,-08:00,2025-02-07T20:56:10-08:00,0,44
projects/projects.js,62,js,d356c125,Jeremy,2025-02-07,20:56:10,-08:00,2025-02-07T20:56:10-08:00,0,0
projects/projects.js,63,js,d356c125,Jeremy,2025-02-07,20:56:10,-08:00,2025-02-07T20:56:10-08:00,0,6
projects/projects.js,64,js,d356c125,Jeremy,2025-02-07,20:56:10,-08:00,2025-02-07T20:56:10-08:00,0,17
projects/projects.js,65,js,d356c125,Jeremy,2025-02-07,20:56:10,-08:00,2025-02-07T20:56:10-08:00,0,27
projects/projects.js,66,js,d356c125,Jeremy,2025-02-07,20:56:10,-08:00,2025-02-07T20:56:10-08:00,0,26
projects/projects.js,67,js,d356c125,Jeremy,2025-02-07,20:56:10,-08:00,2025-02-07T20:56:10-08:00,0,17
projects/projects.js,68,js,d356c125,Jeremy,2025-02-07,20:56:10,-08:00,2025-02-07T20:56:10-08:00,0,0
projects/projects.js,69,js,d356c125,Jeremy,2025-02-07,20:56:10,-08:00,2025-02-07T20:56:10-08:00,0,3
projects/projects.js,70,js,d356c125,Jeremy,2025-02-07,20:56:10,-08:00,2025-02-07T20:56:10-08:00,0,0
projects/projects.js,71,js,d356c125,Jeremy,2025-02-07,20:56:10,-08:00,2025-02-07T20:56:10-08:00,0,9
projects/projects.js,72,js,d356c125,Jeremy,2025-02-07,20:56:10,-08:00,2025-02-07T20:56:10-08:00,0,15
projects/projects.js,73,js,d356c125,Jeremy,2025-02-07,20:56:10,-08:00,2025-02-07T20:56:10-08:00,0,27
projects/projects.js,74,js,d356c125,Jeremy,2025-02-07,20:56:10,-08:00,2025-02-07T20:56:10-08:00,0,26
projects/projects.js,75,js,d356c125,Jeremy,2025-02-07,20:56:10,-08:00,2025-02-07T20:56:10-08:00,0,29
projects/projects.js,76,js,d356c125,Jeremy,2025-02-07,20:56:10,-08:00,2025-02-07T20:56:10-08:00,0,0
projects/projects.js,77,js,d356c125,Jeremy,2025-02-07,20:56:10,-08:00,2025-02-07T20:56:10-08:00,0,5
projects/projects.js,78,js,d356c125,Jeremy,2025-02-07,20:56:10,-08:00,2025-02-07T20:56:10-08:00,0,20
projects/projects.js,79,js,d356c125,Jeremy,2025-02-07,20:56:10,-08:00,2025-02-07T20:56:10-08:00,0,0
projects/projects.js,80,js,d356c125,Jeremy,2025-02-07,20:56:10,-08:00,2025-02-07T20:56:10-08:00,0,3
projects/projects.js,81,js,d356c125,Jeremy,2025-02-07,20:56:10,-08:00,2025-02-07T20:56:10-08:00,0,26
projects/projects.js,82,js,d356c125,Jeremy,2025-02-07,20:56:10,-08:00,2025-02-07T20:56:10-08:00,0,54
projects/projects.js,83,js,d356c125,Jeremy,2025-02-07,20:56:10,-08:00,2025-02-07T20:56:10-08:00,0,0
projects/projects.js,84,js,d356c125,Jeremy,2025-02-07,20:56:10,-08:00,2025-02-07T20:56:10-08:00,0,5
projects/projects.js,85,js,d356c125,Jeremy,2025-02-07,20:56:10,-08:00,2025-02-07T20:56:10-08:00,0,102
projects/projects.js,86,js,d356c125,Jeremy,2025-02-07,20:56:10,-08:00,2025-02-07T20:56:10-08:00,0,57
projects/projects.js,87,js,d356c125,Jeremy,2025-02-07,20:56:10,-08:00,2025-02-07T20:56:10-08:00,0,0
projects/projects.js,88,js,d356c125,Jeremy,2025-02-07,20:56:10,-08:00,2025-02-07T20:56:10-08:00,0,3
projects/projects.js,89,js,d356c125,Jeremy,2025-02-07,20:56:10,-08:00,2025-02-07T20:56:10-08:00,0,2
projects/projects.js,90,js,27283237,Jeremy,2025-02-07,14:58:50,-08:00,2025-02-07T14:58:50-08:00,0,0
projects/projects.js,91,js,27283237,Jeremy,2025-02-07,14:58:50,-08:00,2025-02-07T14:58:50-08:00,0,0
projects/projects.js,92,js,27283237,Jeremy,2025-02-07,14:58:50,-08:00,2025-02-07T14:58:50-08:00,0,24
projects/projects.js,93,js,27283237,Jeremy,2025-02-07,14:58:50,-08:00,2025-02-07T14:58:50-08:00,0,0
projects/projects.js,94,js,27283237,Jeremy,2025-02-07,14:58:50,-08:00,2025-02-07T14:58:50-08:00,0,14
projects/projects.js,95,js,27283237,Jeremy,2025-02-07,14:58:50,-08:00,2025-02-07T14:58:50-08:00,0,0
projects/projects.js,96,js,27283237,Jeremy,2025-02-07,14:58:50,-08:00,2025-02-07T14:58:50-08:00,0,54
projects/projects.js,97,js,27283237,Jeremy,2025-02-07,14:58:50,-08:00,2025-02-07T14:58:50-08:00,0,0
projects/projects.js,98,js,27283237,Jeremy,2025-02-07,14:58:50,-08:00,2025-02-07T14:58:50-08:00,0,50
projects/projects.js,99,js,27283237,Jeremy,2025-02-07,14:58:50,-08:00,2025-02-07T14:58:50-08:00,0,26
projects/projects.js,100,js,27283237,Jeremy,2025-02-07,14:58:50,-08:00,2025-02-07T14:58:50-08:00,0,52
projects/projects.js,101,js,27283237,Jeremy,2025-02-07,14:58:50,-08:00,2025-02-07T14:58:50-08:00,0,60
projects/projects.js,102,js,27283237,Jeremy,2025-02-07,14:58:50,-08:00,2025-02-07T14:58:50-08:00,0,43
projects/projects.js,103,js,27283237,Jeremy,2025-02-07,14:58:50,-08:00,2025-02-07T14:58:50-08:00,0,2
projects/projects.js,104,js,27283237,Jeremy,2025-02-07,14:58:50,-08:00,2025-02-07T14:58:50-08:00,0,57
projects/projects.js,105,js,27283237,Jeremy,2025-02-07,14:58:50,-08:00,2025-02-07T14:58:50-08:00,0,32
projects/projects.js,106,js,27283237,Jeremy,2025-02-07,14:58:50,-08:00,2025-02-07T14:58:50-08:00,0,2
projects/index.html,1,html,fd1f7e5f,Jeremy,2025-01-10,15:15:47,-08:00,2025-01-10T15:15:47-08:00,0,14
projects/index.html,2,html,fd1f7e5f,Jeremy,2025-01-10,15:15:47,-08:00,2025-01-10T15:15:47-08:00,0,15
projects/index.html,3,html,fd1f7e5f,Jeremy,2025-01-10,15:15:47,-08:00,2025-01-10T15:15:47-08:00,0,5
projects/index.html,4,html,fd1f7e5f,Jeremy,2025-01-10,15:15:47,-08:00,2025-01-10T15:15:47-08:00,0,21
projects/index.html,5,html,fd1f7e5f,Jeremy,2025-01-10,15:15:47,-08:00,2025-01-10T15:15:47-08:00,0,69
projects/index.html,6,html,fd1f7e5f,Jeremy,2025-01-10,15:15:47,-08:00,2025-01-10T15:15:47-08:00,0,22
projects/index.html,7,html,b497b1d9,Jeremy,2025-01-17,09:52:15,-08:00,2025-01-17T09:52:15-08:00,0,44
projects/index.html,8,html,a6bec8c8,Jeremy,2025-01-29,15:30:26,-08:00,2025-01-29T15:30:26-08:00,0,49
projects/index.html,9,html,a6bec8c8,Jeremy,2025-01-29,15:30:26,-08:00,2025-01-29T15:30:26-08:00,0,48
projects/index.html,10,html,fd1f7e5f,Jeremy,2025-01-10,15:15:47,-08:00,2025-01-10T15:15:47-08:00,0,6
projects/index.html,11,html,fd1f7e5f,Jeremy,2025-01-10,15:15:47,-08:00,2025-01-10T15:15:47-08:00,0,5
projects/index.html,12,html,a6bec8c8,Jeremy,2025-01-29,15:30:26,-08:00,2025-01-29T15:30:26-08:00,0,39
projects/index.html,13,html,38ed378f,Jeremy,2025-02-07,14:08:10,-08:00,2025-02-07T14:08:10-08:00,0,22
projects/index.html,14,html,38ed378f,Jeremy,2025-02-07,14:08:10,-08:00,2025-02-07T14:08:10-08:00,0,59
projects/index.html,15,html,38ed378f,Jeremy,2025-02-07,14:08:10,-08:00,2025-02-07T14:08:10-08:00,0,23
projects/index.html,16,html,38ed378f,Jeremy,2025-02-07,14:08:10,-08:00,2025-02-07T14:08:10-08:00,0,5
projects/index.html,17,html,27283237,Jeremy,2025-02-07,14:58:50,-08:00,2025-02-07T14:58:50-08:00,0,5
projects/index.html,18,html,27283237,Jeremy,2025-02-07,14:58:50,-08:00,2025-02-07T14:58:50-08:00,0,16
projects/index.html,19,html,27283237,Jeremy,2025-02-07,14:58:50,-08:00,2025-02-07T14:58:50-08:00,0,12
projects/index.html,20,html,27283237,Jeremy,2025-02-07,14:58:50,-08:00,2025-02-07T14:58:50-08:00,0,27
projects/index.html,21,html,27283237,Jeremy,2025-02-07,14:58:50,-08:00,2025-02-07T14:58:50-08:00,0,34
projects/index.html,22,html,27283237,Jeremy,2025-02-07,14:58:50,-08:00,2025-02-07T14:58:50-08:00,0,1
projects/index.html,23,html,f37130bb,Jeremy,2025-01-17,13:22:44,-08:00,2025-01-17T13:22:44-08:00,0,21
projects/index.html,24,html,a6bec8c8,Jeremy,2025-01-29,15:30:26,-08:00,2025-01-29T15:30:26-08:00,0,13
projects/index.html,25,html,f37130bb,Jeremy,2025-01-17,13:22:44,-08:00,2025-01-17T13:22:44-08:00,0,30
projects/index.html,26,html,f37130bb,Jeremy,2025-01-17,13:22:44,-08:00,2025-01-17T13:22:44-08:00,0,71
projects/index.html,27,html,f37130bb,Jeremy,2025-01-17,13:22:44,-08:00,2025-01-17T13:22:44-08:00,0,213
projects/index.html,28,html,f37130bb,Jeremy,2025-01-17,13:22:44,-08:00,2025-01-17T13:22:44-08:00,0,9
projects/index.html,29,html,f37130bb,Jeremy,2025-01-17,13:22:44,-08:00,2025-01-17T13:22:44-08:00,0,8
projects/index.html,30,html,f37130bb,Jeremy,2025-01-17,13:22:44,-08:00,2025-01-17T13:22:44-08:00,0,28
projects/index.html,31,html,f37130bb,Jeremy,2025-01-17,13:22:44,-08:00,2025-01-17T13:22:44-08:00,0,71
projects/index.html,32,html,f37130bb,Jeremy,2025-01-17,13:22:44,-08:00,2025-01-17T13:22:44-08:00,0,226
projects/index.html,33,html,f37130bb,Jeremy,2025-01-17,13:22:44,-08:00,2025-01-17T13:22:44-08:00,0,9
projects/index.html,34,html,f37130bb,Jeremy,2025-01-17,13:22:44,-08:00,2025-01-17T13:22:44-08:00,0,8
projects/index.html,35,html,f37130bb,Jeremy,2025-01-17,13:22:44,-08:00,2025-01-17T13:22:44-08:00,0,42
projects/index.html,36,html,f37130bb,Jeremy,2025-01-17,13:22:44,-08:00,2025-01-17T13:22:44-08:00,0,71
projects/index.html,37,html,f37130bb,Jeremy,2025-01-17,13:22:44,-08:00,2025-01-17T13:22:44-08:00,0,199
projects/index.html,38,html,f37130bb,Jeremy,2025-01-17,13:22:44,-08:00,2025-01-17T13:22:44-08:00,0,9
projects/index.html,39,html,f37130bb,Jeremy,2025-01-17,13:22:44,-08:00,2025-01-17T13:22:44-08:00,0,8
projects/index.html,40,html,f37130bb,Jeremy,2025-01-17,13:22:44,-08:00,2025-01-17T13:22:44-08:00,0,32
projects/index.html,41,html,f37130bb,Jeremy,2025-01-17,13:22:44,-08:00,2025-01-17T13:22:44-08:00,0,71
projects/index.html,42,html,f37130bb,Jeremy,2025-01-17,13:22:44,-08:00,2025-01-17T13:22:44-08:00,0,225
projects/index.html,43,html,f37130bb,Jeremy,2025-01-17,13:22:44,-08:00,2025-01-17T13:22:44-08:00,0,9
projects/index.html,44,html,f37130bb,Jeremy,2025-01-17,13:22:44,-08:00,2025-01-17T13:22:44-08:00,0,8
projects/index.html,45,html,f37130bb,Jeremy,2025-01-17,13:22:44,-08:00,2025-01-17T13:22:44-08:00,0,35
projects/index.html,46,html,f37130bb,Jeremy,2025-01-17,13:22:44,-08:00,2025-01-17T13:22:44-08:00,0,71
projects/index.html,47,html,f37130bb,Jeremy,2025-01-17,13:22:44,-08:00,2025-01-17T13:22:44-08:00,0,233
projects/index.html,48,html,f37130bb,Jeremy,2025-01-17,13:22:44,-08:00,2025-01-17T13:22:44-08:00,0,9
projects/index.html,49,html,f37130bb,Jeremy,2025-01-17,13:22:44,-08:00,2025-01-17T13:22:44-08:00,0,8
projects/index.html,50,html,f37130bb,Jeremy,2025-01-17,13:22:44,-08:00,2025-01-17T13:22:44-08:00,0,32
projects/index.html,51,html,f37130bb,Jeremy,2025-01-17,13:22:44,-08:00,2025-01-17T13:22:44-08:00,0,71
projects/index.html,52,html,f37130bb,Jeremy,2025-01-17,13:22:44,-08:00,2025-01-17T13:22:44-08:00,0,231
projects/index.html,53,html,f37130bb,Jeremy,2025-01-17,13:22:44,-08:00,2025-01-17T13:22:44-08:00,0,9
projects/index.html,54,html,f37130bb,Jeremy,2025-01-17,13:22:44,-08:00,2025-01-17T13:22:44-08:00,0,8
projects/index.html,55,html,f37130bb,Jeremy,2025-01-17,13:22:44,-08:00,2025-01-17T13:22:44-08:00,0,34
projects/index.html,56,html,f37130bb,Jeremy,2025-01-17,13:22:44,-08:00,2025-01-17T13:22:44-08:00,0,71
projects/index.html,57,html,f37130bb,Jeremy,2025-01-17,13:22:44,-08:00,2025-01-17T13:22:44-08:00,0,227
projects/index.html,58,html,f37130bb,Jeremy,2025-01-17,13:22:44,-08:00,2025-01-17T13:22:44-08:00,0,9
projects/index.html,59,html,f37130bb,Jeremy,2025-01-17,13:22:44,-08:00,2025-01-17T13:22:44-08:00,0,8
projects/index.html,60,html,f37130bb,Jeremy,2025-01-17,13:22:44,-08:00,2025-01-17T13:22:44-08:00,0,48
projects/index.html,61,html,f37130bb,Jeremy,2025-01-17,13:22:44,-08:00,2025-01-17T13:22:44-08:00,0,71
projects/index.html,62,html,f37130bb,Jeremy,2025-01-17,13:22:44,-08:00,2025-01-17T13:22:44-08:00,0,239
projects/index.html,63,html,f37130bb,Jeremy,2025-01-17,13:22:44,-08:00,2025-01-17T13:22:44-08:00,0,9
projects/index.html,64,html,f37130bb,Jeremy,2025-01-17,13:22:44,-08:00,2025-01-17T13:22:44-08:00,0,8
projects/index.html,65,html,f37130bb,Jeremy,2025-01-17,13:22:44,-08:00,2025-01-17T13:22:44-08:00,0,23
projects/index.html,66,html,f37130bb,Jeremy,2025-01-17,13:22:44,-08:00,2025-01-17T13:22:44-08:00,0,71
projects/index.html,67,html,f37130bb,Jeremy,2025-01-17,13:22:44,-08:00,2025-01-17T13:22:44-08:00,0,237
projects/index.html,68,html,f37130bb,Jeremy,2025-01-17,13:22:44,-08:00,2025-01-17T13:22:44-08:00,0,9
projects/index.html,69,html,f37130bb,Jeremy,2025-01-17,13:22:44,-08:00,2025-01-17T13:22:44-08:00,0,8
projects/index.html,70,html,f37130bb,Jeremy,2025-01-17,13:22:44,-08:00,2025-01-17T13:22:44-08:00,0,32
projects/index.html,71,html,f37130bb,Jeremy,2025-01-17,13:22:44,-08:00,2025-01-17T13:22:44-08:00,0,71
projects/index.html,72,html,f37130bb,Jeremy,2025-01-17,13:22:44,-08:00,2025-01-17T13:22:44-08:00,0,232
projects/index.html,73,html,f37130bb,Jeremy,2025-01-17,13:22:44,-08:00,2025-01-17T13:22:44-08:00,0,9
projects/index.html,74,html,f37130bb,Jeremy,2025-01-17,13:22:44,-08:00,2025-01-17T13:22:44-08:00,0,8
projects/index.html,75,html,f37130bb,Jeremy,2025-01-17,13:22:44,-08:00,2025-01-17T13:22:44-08:00,0,32
projects/index.html,76,html,f37130bb,Jeremy,2025-01-17,13:22:44,-08:00,2025-01-17T13:22:44-08:00,0,71
projects/index.html,77,html,f37130bb,Jeremy,2025-01-17,13:22:44,-08:00,2025-01-17T13:22:44-08:00,0,226
projects/index.html,78,html,f37130bb,Jeremy,2025-01-17,13:22:44,-08:00,2025-01-17T13:22:44-08:00,0,9
projects/index.html,79,html,f37130bb,Jeremy,2025-01-17,13:22:44,-08:00,2025-01-17T13:22:44-08:00,0,8
projects/index.html,80,html,f37130bb,Jeremy,2025-01-17,13:22:44,-08:00,2025-01-17T13:22:44-08:00,0,40
projects/index.html,81,html,f37130bb,Jeremy,2025-01-17,13:22:44,-08:00,2025-01-17T13:22:44-08:00,0,71
projects/index.html,82,html,f37130bb,Jeremy,2025-01-17,13:22:44,-08:00,2025-01-17T13:22:44-08:00,0,241
projects/index.html,83,html,a6bec8c8,Jeremy,2025-01-29,15:30:26,-08:00,2025-01-29T15:30:26-08:00,0,13
projects/index.html,84,html,f37130bb,Jeremy,2025-01-17,13:22:44,-08:00,2025-01-17T13:22:44-08:00,0,5
projects/index.html,85,html,fd1f7e5f,Jeremy,2025-01-10,15:15:47,-08:00,2025-01-10T15:15:47-08:00,0,6
projects/index.html,86,html,fd1f7e5f,Jeremy,2025-01-10,15:15:47,-08:00,2025-01-10T15:15:47-08:00,0,6
meta/main.js,1,js,2b703413,Jeremy,2025-02-10,16:39:38,-08:00,2025-02-10T16:39:38-08:00,0,13
meta/main.js,2,js,17c07cda,Jeremy,2025-02-11,11:53:23,-08:00,2025-02-11T11:53:23-08:00,0,16
meta/main.js,3,js,2b703413,Jeremy,2025-02-10,16:39:38,-08:00,2025-02-10T16:39:38-08:00,0,0
meta/main.js,4,js,2b703413,Jeremy,2025-02-10,16:39:38,-08:00,2025-02-10T16:39:38-08:00,0,26
meta/main.js,5,js,2b703413,Jeremy,2025-02-10,16:39:38,-08:00,2025-02-10T16:39:38-08:00,0,41
meta/main.js,6,js,2b703413,Jeremy,2025-02-10,16:39:38,-08:00,2025-02-10T16:39:38-08:00,0,6
meta/main.js,7,js,2b703413,Jeremy,2025-02-10,16:39:38,-08:00,2025-02-10T16:39:38-08:00,0,43
meta/main.js,8,js,2b703413,Jeremy,2025-02-10,16:39:38,-08:00,2025-02-10T16:39:38-08:00,0,24
meta/main.js,9,js,2b703413,Jeremy,2025-02-10,16:39:38,-08:00,2025-02-10T16:39:38-08:00,0,26
meta/main.js,10,js,2b703413,Jeremy,2025-02-10,16:39:38,-08:00,2025-02-10T16:39:38-08:00,0,50
meta/main.js,11,js,2b703413,Jeremy,2025-02-10,16:39:38,-08:00,2025-02-10T16:39:38-08:00,0,32
meta/main.js,12,js,2b703413,Jeremy,2025-02-10,16:39:38,-08:00,2025-02-10T16:39:38-08:00,0,3
meta/main.js,13,js,2b703413,Jeremy,2025-02-10,16:39:38,-08:00,2025-02-10T16:39:38-08:00,0,0
meta/main.js,14,js,17c07cda,Jeremy,2025-02-11,11:53:23,-08:00,2025-02-11T11:53:23-08:00,0,14
meta/main.js,15,js,2b703413,Jeremy,2025-02-10,16:39:38,-08:00,2025-02-10T16:39:38-08:00,0,0
meta/main.js,16,js,2b703413,Jeremy,2025-02-10,16:39:38,-08:00,2025-02-10T16:39:38-08:00,0,0
meta/main.js,17,js,2b703413,Jeremy,2025-02-10,16:39:38,-08:00,2025-02-10T16:39:38-08:00,0,58
meta/main.js,18,js,2b703413,Jeremy,2025-02-10,16:39:38,-08:00,2025-02-10T16:39:38-08:00,0,16
meta/main.js,19,js,556460c0,Jeremy,2025-02-11,13:48:00,-08:00,2025-02-11T13:48:00-08:00,0,19
meta/main.js,20,js,2b703413,Jeremy,2025-02-10,16:39:38,-08:00,2025-02-10T16:39:38-08:00,0,2
meta/main.js,21,js,2b703413,Jeremy,2025-02-10,16:39:38,-08:00,2025-02-10T16:39:38-08:00,0,0
meta/main.js,22,js,2b703413,Jeremy,2025-02-10,16:39:38,-08:00,2025-02-10T16:39:38-08:00,0,26
meta/main.js,23,js,2b703413,Jeremy,2025-02-10,16:39:38,-08:00,2025-02-10T16:39:38-08:00,0,11
meta/main.js,24,js,2b703413,Jeremy,2025-02-10,16:39:38,-08:00,2025-02-10T16:39:38-08:00,0,29
meta/main.js,25,js,2b703413,Jeremy,2025-02-10,16:39:38,-08:00,2025-02-10T16:39:38-08:00,0,26
meta/main.js,26,js,2b703413,Jeremy,2025-02-10,16:39:38,-08:00,2025-02-10T16:39:38-08:00,0,20
meta/main.js,27,js,2b703413,Jeremy,2025-02-10,16:39:38,-08:00,2025-02-10T16:39:38-08:00,0,54
meta/main.js,28,js,2b703413,Jeremy,2025-02-10,16:39:38,-08:00,2025-02-10T16:39:38-08:00,0,10
meta/main.js,29,js,2b703413,Jeremy,2025-02-10,16:39:38,-08:00,2025-02-10T16:39:38-08:00,0,10
meta/main.js,30,js,17c07cda,Jeremy,2025-02-11,11:53:23,-08:00,2025-02-11T11:53:23-08:00,0,60
meta/main.js,31,js,2b703413,Jeremy,2025-02-10,16:39:38,-08:00,2025-02-10T16:39:38-08:00,0,6
meta/main.js,32,js,2b703413,Jeremy,2025-02-10,16:39:38,-08:00,2025-02-10T16:39:38-08:00,0,4
meta/main.js,33,js,2b703413,Jeremy,2025-02-10,16:39:38,-08:00,2025-02-10T16:39:38-08:00,0,4
meta/main.js,34,js,2b703413,Jeremy,2025-02-10,16:39:38,-08:00,2025-02-10T16:39:38-08:00,0,8
meta/main.js,35,js,2b703413,Jeremy,2025-02-10,16:39:38,-08:00,2025-02-10T16:39:38-08:00,0,8
meta/main.js,36,js,2b703413,Jeremy,2025-02-10,16:39:38,-08:00,2025-02-10T16:39:38-08:00,0,58
meta/main.js,37,js,2b703413,Jeremy,2025-02-10,16:39:38,-08:00,2025-02-10T16:39:38-08:00,0,24
meta/main.js,38,js,2b703413,Jeremy,2025-02-10,16:39:38,-08:00,2025-02-10T16:39:38-08:00,0,1
meta/main.js,39,js,2b703413,Jeremy,2025-02-10,16:39:38,-08:00,2025-02-10T16:39:38-08:00,0,0
meta/main.js,40,js,2b703413,Jeremy,2025-02-10,16:39:38,-08:00,2025-02-10T16:39:38-08:00,0,36
meta/main.js,41,js,2b703413,Jeremy,2025-02-10,16:39:38,-08:00,2025-02-10T16:39:38-08:00,0,12
meta/main.js,42,js,691c3a57,Jeremy,2025-02-11,11:12:11,-08:00,2025-02-11T11:12:11-08:00,0,17
meta/main.js,43,js,691c3a57,Jeremy,2025-02-11,11:12:11,-08:00,2025-02-11T11:12:11-08:00,0,19
meta/main.js,44,js,691c3a57,Jeremy,2025-02-11,11:12:11,-08:00,2025-02-11T11:12:11-08:00,0,15
meta/main.js,45,js,2b703413,Jeremy,2025-02-10,16:39:38,-08:00,2025-02-10T16:39:38-08:00,0,2
meta/main.js,46,js,2b703413,Jeremy,2025-02-10,16:39:38,-08:00,2025-02-10T16:39:38-08:00,0,0
meta/main.js,47,js,2b703413,Jeremy,2025-02-10,16:39:38,-08:00,2025-02-10T16:39:38-08:00,0,10
meta/main.js,48,js,2b703413,Jeremy,2025-02-10,16:39:38,-08:00,2025-02-10T16:39:38-08:00,0,2
meta/main.js,49,js,17c07cda,Jeremy,2025-02-11,11:53:23,-08:00,2025-02-11T11:53:23-08:00,0,0
meta/main.js,50,js,17c07cda,Jeremy,2025-02-11,11:53:23,-08:00,2025-02-11T11:53:23-08:00,0,0
meta/main.js,51,js,17c07cda,Jeremy,2025-02-11,11:53:23,-08:00,2025-02-11T11:53:23-08:00,0,24
meta/main.js,52,js,17c07cda,Jeremy,2025-02-11,11:53:23,-08:00,2025-02-11T11:53:23-08:00,0,16
meta/main.js,53,js,17c07cda,Jeremy,2025-02-11,11:53:23,-08:00,2025-02-11T11:53:23-08:00,0,0
meta/main.js,54,js,17c07cda,Jeremy,2025-02-11,11:53:23,-08:00,2025-02-11T11:53:23-08:00,0,66
meta/main.js,55,js,17c07cda,Jeremy,2025-02-11,11:53:23,-08:00,2025-02-11T11:53:23-08:00,0,0
meta/main.js,56,js,17c07cda,Jeremy,2025-02-11,11:53:23,-08:00,2025-02-11T11:53:23-08:00,0,68
meta/main.js,57,js,17c07cda,Jeremy,2025-02-11,11:53:23,-08:00,2025-02-11T11:53:23-08:00,0,33
meta/main.js,58,js,17c07cda,Jeremy,2025-02-11,11:53:23,-08:00,2025-02-11T11:53:23-08:00,0,0
meta/main.js,59,js,17c07cda,Jeremy,2025-02-11,11:53:23,-08:00,2025-02-11T11:53:23-08:00,0,37
meta/main.js,60,js,17c07cda,Jeremy,2025-02-11,11:53:23,-08:00,2025-02-11T11:53:23-08:00,0,36
meta/main.js,61,js,17c07cda,Jeremy,2025-02-11,11:53:23,-08:00,2025-02-11T11:53:23-08:00,0,0
meta/main.js,62,js,17c07cda,Jeremy,2025-02-11,11:53:23,-08:00,2025-02-11T11:53:23-08:00,0,29
meta/main.js,63,js,17c07cda,Jeremy,2025-02-11,11:53:23,-08:00,2025-02-11T11:53:23-08:00,0,54
meta/main.js,64,js,17c07cda,Jeremy,2025-02-11,11:53:23,-08:00,2025-02-11T11:53:23-08:00,0,0
meta/main.js,65,js,17c07cda,Jeremy,2025-02-11,11:53:23,-08:00,2025-02-11T11:53:23-08:00,0,33
meta/main.js,66,js,17c07cda,Jeremy,2025-02-11,11:53:23,-08:00,2025-02-11T11:53:23-08:00,0,48
meta/main.js,67,js,17c07cda,Jeremy,2025-02-11,11:53:23,-08:00,2025-02-11T11:53:23-08:00,0,0
meta/main.js,68,js,17c07cda,Jeremy,2025-02-11,11:53:23,-08:00,2025-02-11T11:53:23-08:00,0,37
meta/main.js,69,js,17c07cda,Jeremy,2025-02-11,11:53:23,-08:00,2025-02-11T11:53:23-08:00,0,49
meta/main.js,70,js,556460c0,Jeremy,2025-02-11,13:48:00,-08:00,2025-02-11T13:48:00-08:00,0,0
meta/main.js,71,js,de08c238,Jeremy,2025-02-12,15:06:47,-08:00,2025-02-12T15:06:47-08:00,0,38
meta/main.js,72,js,de08c238,Jeremy,2025-02-12,15:06:47,-08:00,2025-02-12T15:06:47-08:00,0,51
meta/main.js,73,js,de08c238,Jeremy,2025-02-12,15:06:47,-08:00,2025-02-12T15:06:47-08:00,0,51
meta/main.js,74,js,de08c238,Jeremy,2025-02-12,15:06:47,-08:00,2025-02-12T15:06:47-08:00,0,0
meta/main.js,75,js,de08c238,Jeremy,2025-02-12,15:06:47,-08:00,2025-02-12T15:06:47-08:00,0,44
meta/main.js,76,js,de08c238,Jeremy,2025-02-12,15:06:47,-08:00,2025-02-12T15:06:47-08:00,0,0
meta/main.js,77,js,de08c238,Jeremy,2025-02-12,15:06:47,-08:00,2025-02-12T15:06:47-08:00,0,22
meta/main.js,78,js,de08c238,Jeremy,2025-02-12,15:06:47,-08:00,2025-02-12T15:06:47-08:00,0,28
meta/main.js,79,js,de08c238,Jeremy,2025-02-12,15:06:47,-08:00,2025-02-12T15:06:47-08:00,0,57
meta/main.js,80,js,de08c238,Jeremy,2025-02-12,15:06:47,-08:00,2025-02-12T15:06:47-08:00,0,17
meta/main.js,81,js,de08c238,Jeremy,2025-02-12,15:06:47,-08:00,2025-02-12T15:06:47-08:00,0,2
meta/main.js,82,js,de08c238,Jeremy,2025-02-12,15:06:47,-08:00,2025-02-12T15:06:47-08:00,0,0
meta/main.js,83,js,de08c238,Jeremy,2025-02-12,15:06:47,-08:00,2025-02-12T15:06:47-08:00,0,44
meta/main.js,84,js,de08c238,Jeremy,2025-02-12,15:06:47,-08:00,2025-02-12T15:06:47-08:00,0,57
meta/main.js,85,js,de08c238,Jeremy,2025-02-12,15:06:47,-08:00,2025-02-12T15:06:47-08:00,0,27
meta/main.js,86,js,de08c238,Jeremy,2025-02-12,15:06:47,-08:00,2025-02-12T15:06:47-08:00,0,0
meta/main.js,87,js,de08c238,Jeremy,2025-02-12,15:06:47,-08:00,2025-02-12T15:06:47-08:00,0,30
meta/main.js,88,js,de08c238,Jeremy,2025-02-12,15:06:47,-08:00,2025-02-12T15:06:47-08:00,0,38
meta/main.js,89,js,de08c238,Jeremy,2025-02-12,15:06:47,-08:00,2025-02-12T15:06:47-08:00,0,57
meta/main.js,90,js,de08c238,Jeremy,2025-02-12,15:06:47,-08:00,2025-02-12T15:06:47-08:00,0,43
meta/main.js,91,js,de08c238,Jeremy,2025-02-12,15:06:47,-08:00,2025-02-12T15:06:47-08:00,0,42
meta/main.js,92,js,de08c238,Jeremy,2025-02-12,15:06:47,-08:00,2025-02-12T15:06:47-08:00,0,0
meta/main.js,93,js,556460c0,Jeremy,2025-02-11,13:48:00,-08:00,2025-02-11T13:48:00-08:00,0,29
meta/main.js,94,js,556460c0,Jeremy,2025-02-11,13:48:00,-08:00,2025-02-11T13:48:00-08:00,0,18
meta/main.js,95,js,556460c0,Jeremy,2025-02-11,13:48:00,-08:00,2025-02-11T13:48:00-08:00,0,18
meta/main.js,96,js,556460c0,Jeremy,2025-02-11,13:48:00,-08:00,2025-02-11T13:48:00-08:00,0,0
meta/main.js,97,js,556460c0,Jeremy,2025-02-11,13:48:00,-08:00,2025-02-11T13:48:00-08:00,0,13
meta/main.js,98,js,556460c0,Jeremy,2025-02-11,13:48:00,-08:00,2025-02-11T13:48:00-08:00,0,16
meta/main.js,99,js,556460c0,Jeremy,2025-02-11,13:48:00,-08:00,2025-02-11T13:48:00-08:00,0,13
meta/main.js,100,js,556460c0,Jeremy,2025-02-11,13:48:00,-08:00,2025-02-11T13:48:00-08:00,0,41
meta/main.js,101,js,556460c0,Jeremy,2025-02-11,13:48:00,-08:00,2025-02-11T13:48:00-08:00,0,29
meta/main.js,102,js,556460c0,Jeremy,2025-02-11,13:48:00,-08:00,2025-02-11T13:48:00-08:00,0,0
meta/main.js,103,js,556460c0,Jeremy,2025-02-11,13:48:00,-08:00,2025-02-11T13:48:00-08:00,0,16
meta/main.js,104,js,556460c0,Jeremy,2025-02-11,13:48:00,-08:00,2025-02-11T13:48:00-08:00,0,11
meta/main.js,105,js,556460c0,Jeremy,2025-02-11,13:48:00,-08:00,2025-02-11T13:48:00-08:00,0,45
meta/main.js,106,js,556460c0,Jeremy,2025-02-11,13:48:00,-08:00,2025-02-11T13:48:00-08:00,0,17
meta/main.js,107,js,556460c0,Jeremy,2025-02-11,13:48:00,-08:00,2025-02-11T13:48:00-08:00,0,7
meta/main.js,108,js,556460c0,Jeremy,2025-02-11,13:48:00,-08:00,2025-02-11T13:48:00-08:00,0,0
meta/main.js,109,js,556460c0,Jeremy,2025-02-11,13:48:00,-08:00,2025-02-11T13:48:00-08:00,0,66
meta/main.js,110,js,556460c0,Jeremy,2025-02-11,13:48:00,-08:00,2025-02-11T13:48:00-08:00,0,0
meta/main.js,111,js,556460c0,Jeremy,2025-02-11,13:48:00,-08:00,2025-02-11T13:48:00-08:00,0,50
meta/main.js,112,js,556460c0,Jeremy,2025-02-11,13:48:00,-08:00,2025-02-11T13:48:00-08:00,0,0
meta/main.js,113,js,556460c0,Jeremy,2025-02-11,13:48:00,-08:00,2025-02-11T13:48:00-08:00,0,3
meta/main.js,114,js,556460c0,Jeremy,2025-02-11,13:48:00,-08:00,2025-02-11T13:48:00-08:00,0,19
meta/main.js,115,js,556460c0,Jeremy,2025-02-11,13:48:00,-08:00,2025-02-11T13:48:00-08:00,0,13
meta/main.js,116,js,556460c0,Jeremy,2025-02-11,13:48:00,-08:00,2025-02-11T13:48:00-08:00,0,14
meta/main.js,117,js,556460c0,Jeremy,2025-02-11,13:48:00,-08:00,2025-02-11T13:48:00-08:00,0,37
meta/main.js,118,js,556460c0,Jeremy,2025-02-11,13:48:00,-08:00,2025-02-11T13:48:00-08:00,0,37
meta/main.js,119,js,556460c0,Jeremy,2025-02-11,13:48:00,-08:00,2025-02-11T13:48:00-08:00,0,12
meta/main.js,120,js,de08c238,Jeremy,2025-02-12,15:06:47,-08:00,2025-02-12T15:06:47-08:00,0,25
meta/main.js,121,js,de08c238,Jeremy,2025-02-12,15:06:47,-08:00,2025-02-12T15:06:47-08:00,0,37
meta/main.js,122,js,de08c238,Jeremy,2025-02-12,15:06:47,-08:00,2025-02-12T15:06:47-08:00,0,28
meta/main.js,123,js,de08c238,Jeremy,2025-02-12,15:06:47,-08:00,2025-02-12T15:06:47-08:00,0,29
meta/main.js,124,js,de08c238,Jeremy,2025-02-12,15:06:47,-08:00,2025-02-12T15:06:47-08:00,0,28
meta/main.js,125,js,de08c238,Jeremy,2025-02-12,15:06:47,-08:00,2025-02-12T15:06:47-08:00,0,1
meta/main.js,126,js,de08c238,Jeremy,2025-02-12,15:06:47,-08:00,2025-02-12T15:06:47-08:00,0,24
meta/main.js,127,js,de08c238,Jeremy,2025-02-12,15:06:47,-08:00,2025-02-12T15:06:47-08:00,0,24
meta/main.js,128,js,de08c238,Jeremy,2025-02-12,15:06:47,-08:00,2025-02-12T15:06:47-08:00,0,30
meta/main.js,129,js,de08c238,Jeremy,2025-02-12,15:06:47,-08:00,2025-02-12T15:06:47-08:00,0,2
meta/main.js,130,js,556460c0,Jeremy,2025-02-11,13:48:00,-08:00,2025-02-11T13:48:00-08:00,0,0
meta/main.js,131,js,556460c0,Jeremy,2025-02-11,13:48:00,-08:00,2025-02-11T13:48:00-08:00,0,59
meta/main.js,132,js,556460c0,Jeremy,2025-02-11,13:48:00,-08:00,2025-02-11T13:48:00-08:00,0,0
meta/main.js,133,js,556460c0,Jeremy,2025-02-11,13:48:00,-08:00,2025-02-11T13:48:00-08:00,0,19
meta/main.js,134,js,556460c0,Jeremy,2025-02-11,13:48:00,-08:00,2025-02-11T13:48:00-08:00,0,15
meta/main.js,135,js,556460c0,Jeremy,2025-02-11,13:48:00,-08:00,2025-02-11T13:48:00-08:00,0,27
meta/main.js,136,js,556460c0,Jeremy,2025-02-11,13:48:00,-08:00,2025-02-11T13:48:00-08:00,0,30
meta/main.js,137,js,556460c0,Jeremy,2025-02-11,13:48:00,-08:00,2025-02-11T13:48:00-08:00,0,17
meta/main.js,138,js,556460c0,Jeremy,2025-02-11,13:48:00,-08:00,2025-02-11T13:48:00-08:00,0,41
meta/main.js,139,js,556460c0,Jeremy,2025-02-11,13:48:00,-08:00,2025-02-11T13:48:00-08:00,0,43
meta/main.js,140,js,556460c0,Jeremy,2025-02-11,13:48:00,-08:00,2025-02-11T13:48:00-08:00,0,1
meta/main.js,141,js,556460c0,Jeremy,2025-02-11,13:48:00,-08:00,2025-02-11T13:48:00-08:00,0,0
meta/main.js,142,js,556460c0,Jeremy,2025-02-11,13:48:00,-08:00,2025-02-11T13:48:00-08:00,0,49
meta/main.js,143,js,556460c0,Jeremy,2025-02-11,13:48:00,-08:00,2025-02-11T13:48:00-08:00,0,49
meta/main.js,144,js,556460c0,Jeremy,2025-02-11,13:48:00,-08:00,2025-02-11T13:48:00-08:00,0,0
meta/main.js,145,js,ddfc8c45,Jeremy,2025-02-11,21:05:42,-08:00,2025-02-11T21:05:42-08:00,0,20
meta/main.js,146,js,ddfc8c45,Jeremy,2025-02-11,21:05:42,-08:00,2025-02-11T21:05:42-08:00,0,11
meta/main.js,147,js,ddfc8c45,Jeremy,2025-02-11,21:05:42,-08:00,2025-02-11T21:05:42-08:00,0,26
meta/main.js,148,js,3f29569e,Jeremy,2025-02-12,13:18:18,-08:00,2025-02-12T13:18:18-08:00,0,54
meta/main.js,149,js,ddfc8c45,Jeremy,2025-02-11,21:05:42,-08:00,2025-02-11T21:05:42-08:00,0,0
meta/main.js,150,js,ddfc8c45,Jeremy,2025-02-11,21:05:42,-08:00,2025-02-11T21:05:42-08:00,0,78
meta/main.js,151,js,ddfc8c45,Jeremy,2025-02-11,21:05:42,-08:00,2025-02-11T21:05:42-08:00,0,0
meta/main.js,152,js,556460c0,Jeremy,2025-02-11,13:48:00,-08:00,2025-02-11T13:48:00-08:00,0,35
meta/main.js,153,js,556460c0,Jeremy,2025-02-11,13:48:00,-08:00,2025-02-11T13:48:00-08:00,0,15
meta/main.js,154,js,556460c0,Jeremy,2025-02-11,13:48:00,-08:00,2025-02-11T13:48:00-08:00,0,16
meta/main.js,155,js,556460c0,Jeremy,2025-02-11,13:48:00,-08:00,2025-02-11T13:48:00-08:00,0,59
meta/main.js,156,js,556460c0,Jeremy,2025-02-11,13:48:00,-08:00,2025-02-11T13:48:00-08:00,0,0
meta/main.js,157,js,556460c0,Jeremy,2025-02-11,13:48:00,-08:00,2025-02-11T13:48:00-08:00,0,2
meta/main.js,158,js,556460c0,Jeremy,2025-02-11,13:48:00,-08:00,2025-02-11T13:48:00-08:00,0,11
meta/main.js,159,js,556460c0,Jeremy,2025-02-11,13:48:00,-08:00,2025-02-11T13:48:00-08:00,0,55
meta/main.js,160,js,556460c0,Jeremy,2025-02-11,13:48:00,-08:00,2025-02-11T13:48:00-08:00,0,12
meta/main.js,161,js,556460c0,Jeremy,2025-02-11,13:48:00,-08:00,2025-02-11T13:48:00-08:00,0,0
meta/main.js,162,js,556460c0,Jeremy,2025-02-11,13:48:00,-08:00,2025-02-11T13:48:00-08:00,0,2
meta/main.js,163,js,556460c0,Jeremy,2025-02-11,13:48:00,-08:00,2025-02-11T13:48:00-08:00,0,11
meta/main.js,164,js,556460c0,Jeremy,2025-02-11,13:48:00,-08:00,2025-02-11T13:48:00-08:00,0,53
meta/main.js,165,js,556460c0,Jeremy,2025-02-11,13:48:00,-08:00,2025-02-11T13:48:00-08:00,0,12
meta/main.js,166,js,556460c0,Jeremy,2025-02-11,13:48:00,-08:00,2025-02-11T13:48:00-08:00,0,0
meta/index.html,1,html,a39d22d9,Jeremy,2025-02-10,16:10:58,-08:00,2025-02-10T16:10:58-08:00,0,14
meta/index.html,2,html,17c07cda,Jeremy,2025-02-11,11:53:23,-08:00,2025-02-11T11:53:23-08:00,0,15
meta/index.html,3,html,a39d22d9,Jeremy,2025-02-10,16:10:58,-08:00,2025-02-10T16:10:58-08:00,0,5
meta/index.html,4,html,a39d22d9,Jeremy,2025-02-10,16:10:58,-08:00,2025-02-10T16:10:58-08:00,0,21
meta/index.html,5,html,a39d22d9,Jeremy,2025-02-10,16:10:58,-08:00,2025-02-10T16:10:58-08:00,0,69
meta/index.html,6,html,a39d22d9,Jeremy,2025-02-10,16:10:58,-08:00,2025-02-10T16:10:58-08:00,0,18
meta/index.html,7,html,2b703413,Jeremy,2025-02-10,16:39:38,-08:00,2025-02-10T16:39:38-08:00,0,44
meta/index.html,8,html,2b703413,Jeremy,2025-02-10,16:39:38,-08:00,2025-02-10T16:39:38-08:00,0,49
meta/index.html,9,html,2b703413,Jeremy,2025-02-10,16:39:38,-08:00,2025-02-10T16:39:38-08:00,0,44
meta/index.html,10,html,2b703413,Jeremy,2025-02-10,16:39:38,-08:00,2025-02-10T16:39:38-08:00,0,52
meta/index.html,11,html,a39d22d9,Jeremy,2025-02-10,16:10:58,-08:00,2025-02-10T16:10:58-08:00,0,6
meta/index.html,12,html,a39d22d9,Jeremy,2025-02-10,16:10:58,-08:00,2025-02-10T16:10:58-08:00,0,5
meta/index.html,13,html,a39d22d9,Jeremy,2025-02-10,16:10:58,-08:00,2025-02-10T16:10:58-08:00,0,12
meta/index.html,14,html,a39d22d9,Jeremy,2025-02-10,16:10:58,-08:00,2025-02-10T16:10:58-08:00,0,2
meta/index.html,15,html,a39d22d9,Jeremy,2025-02-10,16:10:58,-08:00,2025-02-10T16:10:58-08:00,0,55
meta/index.html,16,html,a39d22d9,Jeremy,2025-02-10,16:10:58,-08:00,2025-02-10T16:10:58-08:00,0,3
meta/index.html,17,html,17c07cda,Jeremy,2025-02-11,11:53:23,-08:00,2025-02-11T11:53:23-08:00,0,15
meta/index.html,18,html,2b703413,Jeremy,2025-02-10,16:39:38,-08:00,2025-02-10T16:39:38-08:00,0,21
meta/index.html,19,html,556460c0,Jeremy,2025-02-11,13:48:00,-08:00,2025-02-11T13:48:00-08:00,0,30
meta/index.html,20,html,556460c0,Jeremy,2025-02-11,13:48:00,-08:00,2025-02-11T13:48:00-08:00,0,21
meta/index.html,21,html,3f29569e,Jeremy,2025-02-12,13:18:18,-08:00,2025-02-12T13:18:18-08:00,0,44
meta/index.html,22,html,3f29569e,Jeremy,2025-02-12,13:18:18,-08:00,2025-02-12T13:18:18-08:00,0,14
meta/index.html,23,html,3f29569e,Jeremy,2025-02-12,13:18:18,-08:00,2025-02-12T13:18:18-08:00,0,3
meta/index.html,24,html,3f29569e,Jeremy,2025-02-12,13:18:18,-08:00,2025-02-12T13:18:18-08:00,0,47
meta/index.html,25,html,3f29569e,Jeremy,2025-02-12,13:18:18,-08:00,2025-02-12T13:18:18-08:00,0,4
meta/index.html,26,html,3f29569e,Jeremy,2025-02-12,13:18:18,-08:00,2025-02-12T13:18:18-08:00,0,0
meta/index.html,27,html,3f29569e,Jeremy,2025-02-12,13:18:18,-08:00,2025-02-12T13:18:18-08:00,0,12
meta/index.html,28,html,3f29569e,Jeremy,2025-02-12,13:18:18,-08:00,2025-02-12T13:18:18-08:00,0,25
meta/index.html,29,html,3f29569e,Jeremy,2025-02-12,13:18:18,-08:00,2025-02-12T13:18:18-08:00,0,0
meta/index.html,30,html,3f29569e,Jeremy,2025-02-12,13:18:18,-08:00,2025-02-12T13:18:18-08:00,0,39
meta/index.html,31,html,3f29569e,Jeremy,2025-02-12,13:18:18,-08:00,2025-02-12T13:18:18-08:00,0,4
meta/index.html,32,html,a39d22d9,Jeremy,2025-02-10,16:10:58,-08:00,2025-02-10T16:10:58-08:00,0,6
meta/index.html,33,html,a39d22d9,Jeremy,2025-02-10,16:10:58,-08:00,2025-02-10T16:10:58-08:00,0,6
contact/index.html,1,html,fd1f7e5f,Jeremy,2025-01-10,15:15:47,-08:00,2025-01-10T15:15:47-08:00,0,14
contact/index.html,2,html,fd1f7e5f,Jeremy,2025-01-10,15:15:47,-08:00,2025-01-10T15:15:47-08:00,0,15
contact/index.html,3,html,fd1f7e5f,Jeremy,2025-01-10,15:15:47,-08:00,2025-01-10T15:15:47-08:00,0,5
contact/index.html,4,html,fd1f7e5f,Jeremy,2025-01-10,15:15:47,-08:00,2025-01-10T15:15:47-08:00,0,21
contact/index.html,5,html,fd1f7e5f,Jeremy,2025-01-10,15:15:47,-08:00,2025-01-10T15:15:47-08:00,0,69
contact/index.html,6,html,fd1f7e5f,Jeremy,2025-01-10,15:15:47,-08:00,2025-01-10T15:15:47-08:00,0,21
contact/index.html,7,html,b497b1d9,Jeremy,2025-01-17,09:52:15,-08:00,2025-01-17T09:52:15-08:00,0,44
contact/index.html,8,html,a6027258,Jeremy,2025-01-23,21:20:54,-08:00,2025-01-23T21:20:54-08:00,0,49
contact/index.html,9,html,fd1f7e5f,Jeremy,2025-01-10,15:15:47,-08:00,2025-01-10T15:15:47-08:00,0,6
contact/index.html,10,html,fd1f7e5f,Jeremy,2025-01-10,15:15:47,-08:00,2025-01-10T15:15:47-08:00,0,5
contact/index.html,11,html,427f2852,Jeremy,2025-01-17,09:21:09,-08:00,2025-01-17T09:21:09-08:00,0,15
contact/index.html,12,html,6f97183f,Jeremy,2025-01-24,10:28:14,-08:00,2025-01-24T10:28:14-08:00,0,54
contact/index.html,13,html,427f2852,Jeremy,2025-01-17,09:21:09,-08:00,2025-01-17T09:21:09-08:00,0,6
contact/index.html,14,html,427f2852,Jeremy,2025-01-17,09:21:09,-08:00,2025-01-17T09:21:09-08:00,0,7
contact/index.html,15,html,3d79a728,Jeremy,2025-01-17,10:20:48,-08:00,2025-01-17T10:20:48-08:00,0,22
contact/index.html,16,html,427f2852,Jeremy,2025-01-17,09:21:09,-08:00,2025-01-17T09:21:09-08:00,0,7
contact/index.html,17,html,427f2852,Jeremy,2025-01-17,09:21:09,-08:00,2025-01-17T09:21:09-08:00,0,6
contact/index.html,18,html,3d79a728,Jeremy,2025-01-17,10:20:48,-08:00,2025-01-17T10:20:48-08:00,0,7
contact/index.html,19,html,3d79a728,Jeremy,2025-01-17,10:20:48,-08:00,2025-01-17T10:20:48-08:00,0,42
contact/index.html,20,html,427f2852,Jeremy,2025-01-17,09:21:09,-08:00,2025-01-17T09:21:09-08:00,0,7
contact/index.html,21,html,427f2852,Jeremy,2025-01-17,09:21:09,-08:00,2025-01-17T09:21:09-08:00,0,22
contact/index.html,22,html,427f2852,Jeremy,2025-01-17,09:21:09,-08:00,2025-01-17T09:21:09-08:00,0,6
contact/index.html,23,html,fd1f7e5f,Jeremy,2025-01-10,15:15:47,-08:00,2025-01-10T15:15:47-08:00,0,6
contact/index.html,24,html,fd1f7e5f,Jeremy,2025-01-10,15:15:47,-08:00,2025-01-10T15:15:47-08:00,0,6
